id,comment_id,parent_comment_id,user_id,parent_user_id,parent_content,content,support,parody
1303,243260584449,243245505073,105242356,18771752.0,"讲那么多道理可能都没有一句：“早结一年婚就共产20w了”顶用    唉… 感觉现在好多女孩子已经被互联网把脑子洗坏了，如果你结婚是抱着做生意的心思来的，那是不可能幸福的…为了利益相聚那以后也一定会为了利益分歧，到时候靠什么来维系两个人的关系呢？不会又开始主动想要小孩了吧…这时候不喊小孩是男性对女性的压迫了？也是挺可悲的…   
本来婚姻、爱 都是努力把生活融合，努力去做到不分彼此，现在搞的恨不得婚前请个会计找个律师… 唉……",所以还结婚干嘛？还没一起就开始各种算计，都怕自己吃亏，结了也不会幸福。,0,0
105,243243606832,243113836913,57086520,10413265.0,有没有可能我是女生,女同要彩礼的也有啊,0,0
689,243260915345,243260583889,105242356,441979182.0,哈哈累 可能要单一辈子了,越是想法越多的，或者对婚姻期待很高的，基本很难走近婚姻，因为她们的假设条件太多了。,0,0
1156,244902171249,0,9770479,,,不要留下遗憾,0,0
827,243350165313,0,1902664096,,,你就别劝了，人家就是奔着离婚去的[笑哭],0,0
63,243379104080,243241493664,366620511,7206205.0,希望这位女士多跟自己闺蜜聊聊，坚守底线，人就活这一次，不要留下遗憾哦,有道理,0,0
853,243358240352,243220910897,385473117,3493110774500290.0,听听就好，年薪百万都找刚毕业的,是真找不到，也没这渠道，平时加班也忙。你带入的是小企业主，不是大厂打工人，大厂打工人都卷死了，找对象真不好找。,0,0
1596,244845028433,0,399561660,,,广东人家本地都不上10万为什么给她38.8？就是为了她的态度？,0,0
224,243425439728,243254106848,7597742,281230843.0,这年头只能说这样的女的越来越多，这也是如今结婚率低下的一个原因，这种女性本事不大断光短浅，总觉得自己读过几年书去过哪里旅游就觉得自己贼有本事，人中龙凤。小敏说的好，哪有弱者去管强者的，这么说，你应该去管你老板？？[doge][doge],放心大胆做自己！,0,0
146,243389169312,243110815681,33043920,10413265.0,听到江西我就[滑稽],觉醒了[doge_金箍],0,0
374,243119580337,243244593680,19277258,3688939.0,我就是遇到了这种。啥新房 装修 车子 车位 婚庆相关支出都是男方付了。女方基本没啥付出。嫌弃我家当时只剩8万的彩礼。女方父母举例朋友家女儿结婚要收18w 28万彩礼，意思是自己家应该也要有。后面因为其他事件领证3个月还没办婚礼分了，没发生关系。闹到法院调解的时候，开口就是要10万块的离婚补偿。其实这10万 20万对于我家也就3个月能赚回来。真想不通女方为了这点钱翻脸。拿后半辈子的生活无忧换这10万块。,因为你是奔着过日子去的，人家奔着赚钱去,2,0
1576,243122728609,243120095617,40547577,320336364.0,这个姑娘得多漂亮啊…,江西很出美女？,0,0
1620,243639417088,0,130946510,,,不是啊~  up主  你为啥要叫醒她   你得让她继续坚持底线 坚持她的底线啊~  你太不“人道”了,0,0
1490,243381212560,0,4487647,,,UP可以和我未来的女朋友聊一下吗，很急,0,0
1421,243309040512,0,173802817,,,工资卡上交，还可能被嫌赚的少。,0,0
1129,243646020848,0,18583210,,,简直TM捞女群体思维,0,0
10,244072839168,243245637249,62347315,340982179.0,我是不理解，为什么小敏要骂醒这个女人。她要是真学会伪装了，世界上又要多三个不幸的人了……,大哥，她是搞付费咨询的，你别把道德上的东西代入进去，律师还得给犯罪嫌疑人做无罪辩护呢,0,0
450,243248420305,243248097601,67782399,105242356.0,所以现在也是冷静期了，过了就去离了。人家还骂我是人渣呢，说我不爱她。TM的，她自己发脾气就拿离婚挂嘴边，说了N次。我开始都哄着，到后面就越来越过分。,你这也是没有选对人，觉得老公做什么都是应该的,0,0
709,244723608112,244713683136,40327425,40171348.0,有点搞笑了兄弟，什么时候独生子女代表了现代社会[疑惑],"独生子女，是前现代社会。
是社会变革的中间阶段[蹲一蹲]",0,0
256,243244933937,243126355089,67219295,3111871.0,诺手血怒也就五层，闺蜜对比+弟弟+江西+28+低薪管钱要态度+n=qweqar光速血怒诺克萨斯断头台直接劈[笑哭],传送开摆[doge_金箍],0,0
883,243197239649,0,3537114643827390,,,就喜欢看这好几百万的，嗯 跟我们老百姓的生活非常搭，非常的接地气。,0,0
390,243125624497,243255761200,340584572,3688939.0,是的，她自己都承认，我从来都没凶过她，伤害过她。从没逼过她什么事。 她连她自己的选择都不认可，怎么会幸福。,抱抱吧，加油，不要因为别人的错误伤害了自己。,0,0
909,243121799233,0,423809953,,,原来一年50万的人，脑子也有不行的,2,0
925,243242580592,243242271664,200677635,1786698351.0,我觉得可能主要原因是有弟弟吧，我自己和身边独生女，没听说哪个要特别多的，而且都是女方家里也有车有房。有弟弟就是你说的那种，真的漫天要价，其实女生也惨，彩礼大部分都被父母给弟弟了[笑哭],嗯 你减低了我对江女的一点偏见 看样子江西人还是有脑子的 独生女家确实彩礼就没必要那么高 但江西家家户户都是几子女么？江西也是中原地区 长期跟随国家大体 独生子女这一点应该也是啊？凉山那边是少数民族居多 江西是吗？感觉江西很多地方都是漫天要价那种,0,0
1516,243158605041,0,3493107182078860,,,权衡利弊,0,0
1221,243679020929,0,259485162,,,管钱的话，如果你能钱生钱让你管很正常。对方你有弟弟，你挪用。最后啥都没有。,0,0
461,243407694432,243246026048,9067844,3688939.0,以前自认为感情深，只不过是女方家传统。以前付出过都不算，女方回应的少也不算，就是彩礼低了不行。我家早就把她当自己家人了，我家对她绝对比她爸妈对她要好的多。事后我一个表弟都评价娶个祖宗回来。真的是变本加厉的试探底线，我家里是老实不是傻，察觉到女方的真实想法，我想了一上午就决定离了。要是真办了婚礼迟早也会离，那损失起码几十万。,相逢何必曾相识,0,0
1369,243252789969,0,527200194,,,男朋友的钱就应该全额上缴，每个月留个500就行了。,1,0
959,243337334768,243117565025,616801006,116518178.0,一个图财，一个好色，天生一对，锁死，不要流入市场,好色喜欢一个28岁的阿姨，这口味也太没品味了吧,0,0
502,243271173617,243240294033,21291282,2378196.0,医美不是终极骗钱？算了你值得拥有，医美做更好的的自己,不会 明星99.9%都做医美 可以看看伊能静55了跟25一样……,0,0
740,243216617089,0,22830875,,,up主能不能在网上搜搜照片，按你的颜值标准排个序，什么是小美女，什么是大美女，讨论的基础我们都没有概念,0,0
1767,243114123953,243114038145,170451,361697594.0,为啥现在全网都年薪四五十万啊,因为低年薪的不会被提到，幸存者偏差了,0,0
869,243366987072,0,192583629,,,"假如：
第一，彩礼和嫁妆归女方个人名下。
第二，女方收入没男方高。
第三，女方要求婚后管钱。
第四，女方选择在男方低谷期（待业期间）选择分手。
请问各位看官怎么看？？？
应该如果看待这段感情呢？",0,0
732,243136660145,0,423272,,,"这种对收入有顾虑的，我建议找中医医生。为什么呢？按岳阳的普遍标准，他毕业大概两三千，等他28岁了，大概收入就是5000了，这比毕业大概翻一番了，说出去挺励志的[doge]等他四五十岁了，收入应该在一万左右了[doge]而且更恐怖的是，中医医生越老越值钱，根本不可能失业！五十岁月收入一万，等他一百岁了，那看诊的诊金是多少，我都不敢想。[吃瓜]
最近又看了看显卡，去年2100买的6700xt显卡都全部停产，而且网上都不要2000了。唉，怎么能这样呢？显卡就应该跟姑娘一样，越老越值钱[吃瓜]虽然是几年前的显卡，虽然可能拿去挖过矿，虽然有修过，但是它看起来像新的呀，不识货",2,1
540,243479397377,243248842608,7910754,421706916.0,"我们家现在我都给我女朋友管钱，毕竟两家都认识，而且我们谈了五六年，和她谈恋爱之前我一分钱都存不下来（学生时期每个月3000基本上全用光）。
我是个花钱相当大手大脚的人。。。基本上有多少用多少，她比较节省，平时出去玩都是她嫌消费太高然后不愿意。
这种情况我觉得我就乐意把钱给她，除非是投资，不然我也不想过问，生活上的开销管起来太麻烦了。",那是钱少，钱多你试试，我不是说你女朋友不好。。男人女人思维不一样，要用最好的最有效的方法，不是你最用情的方法，你用情对彼此也有可能是错方式,2,0
698,243121544993,243119319265,1784812593,38133666.0,如果我是这个男的，年薪五十万，家里还有钱的话，结婚才是真的愚蠢行为，冒着巨大的风险给自己找麻烦。,这个男的好色啊，他愿意为了颜值买单，就像有的人愿意往游戏里库库充648一样[doge],0,0
1231,244135694976,0,485493020,,,"年入五十？年入十万也不会要这种乡下的臭鱼烂虾好吧。
提彩礼就可以滚了。什么乡巴佬。",0,0
1546,243272145952,0,327938421,,,坚持自己梦想，不要放弃，否则害人害己。,0,0
1032,243247111665,243375238416,105242356,3546595308079320.0,彩礼本质是有产阶层男方支付女方父母培养女方成本的费用。是男方家庭付给女方家长的一次性买断的“赡养费”，因为女性在“嫁人”后就会成为“男方家的人”，所以才有了这样的“公平交易”，以促成家庭这个最小的经济单元的诞生，从而维持社会再生产。嫁妆本质是女方父母因为亲情提供女方自身养老应急的费用。无产阶级画虎不成反类猫~ 婚姻本质是构建繁衍下一代的基础共同体。财产都是共同体附带属性。构建失败解体造成的损失也必然由构建方承担。,你说的这些大道理不如别人女方一句话。没用的。,0,0
373,243118802145,243246026048,794283,3688939.0,以前自认为感情深，只不过是女方家传统。以前付出过都不算，女方回应的少也不算，就是彩礼低了不行。我家早就把她当自己家人了，我家对她绝对比她爸妈对她要好的多。事后我一个表弟都评价娶个祖宗回来。真的是变本加厉的试探底线，我家里是老实不是傻，察觉到女方的真实想法，我想了一上午就决定离了。要是真办了婚礼迟早也会离，那损失起码几十万。,人家家里计算干了赚你家的快钱，赚完换下家，创业呢！,2,0
668,244438211296,243136578641,181007024,204985773.0,女方更加没面子，女方父母得给别人笑死,廣東人不會這麼想，女方家長要太多會被人說賣女兒,2,0
1351,243325606577,0,14731083,,,我记得经济控制好像是家庭冷暴力的一种,0,0
358,243189799585,243166739969,35543755,105242356.0,迟早得离，,订婚的时候我另一个朋友就劝了，但是他觉得这个不结怕以后就没得找，然后就没离,2,0
968,244113053025,0,1297467,,,捞女进阶版,2,0
784,243358396144,243138012961,340360640,424727186.0,说实话，我真觉得小敏说得对。其实彩礼八万八我觉得不低了，而且女方自己和男方收入差距又大，女方凭啥去管人家钱啊，人家虽然自己小气，但是对女方又大方收入也高说明人家也挺有责任心的，男生学历也高基因估计也不错，以后生了孩子，孩子的吃穿用度和教育大概率也不会拿女方的钱去贴，女方就相当于工资自己攒着花了呀。而且又是全款房，没房贷，自己租房租那么大的一个月都是两三千多的，一年就是三四五万，都占女方的收入三分之一了[笑哭],欲望,0,0
736,243240044224,0,37974422,,,说实话，要是这样我选择不结婚，结婚干啥，自己找不痛快,2,0
1036,243359937344,243359505248,549858610,677512824.0,本科生，双非一本，男，净身高173，体重150斤，福州市区两套小面积房产（都是80平方左右），父母都是医生，自己家开诊所的，父母年收入应该加起来有30w左右，这个条件怎么样呀[脸红][脸红]我今年考研没考上，在家二战[大哭][大哭]01年的，从小到大都没交过女朋友，身边好多同学都有女朋友了，真的好焦虑[脸红][脸红],一個150體重就拜拜了,0,0
971,244449532736,0,1905791725,,,凭什么要把工资卡交给女人？这些女人的控制欲真是可怕。男同胞们雄起！要敢于对女人说不。一个男人敢于义正词严的拒绝女人的无礼要求，也是一个男人成熟 的表现。男人不能太老实。老实人是会吃大亏的。近些年以来，时常出现一些女人卷钱跑路。自己赚的钱，就应该自己管着。家里要用钱，两个人各自拿出一部分。害人之心不可有，防人之心不可无。男同胞们一定要有骨气。,2,0
1719,243112064417,243240482336,474765899,105427147.0,我馋小敏怎么办[doge][doge],排我后面去,0,0
1315,243748259808,0,90944013,,,"犹豫了，就分了吧。
将就的话，你以后会后悔的！！！",2,0
1319,243404408000,0,21507821,,,[生气_金箍],0,0
1506,243118406145,0,327157970,,,听我的分手把  别耽误别人男孩子,2,0
1526,243941308161,0,19375680,,,我老婆家庭主妇，我自己做生意，她跟我说过好多次很多老婆管钱，为啥我不让她管，而且对我的评价是“你做过所有的生意决策都是错的，你做的每一个决定都不对”。爱咋说咋说，我做了二十年生意，做的决策不如一个生意白痴？,2,0
886,244832303377,243242120832,53256497,15301332.0,"1.他要是把钱给你管，那他的脑子就支撑不了他现在挣的这份儿钱。
2.互联网大厂出轨比例，可比G企Y企JGQSYDW低多了，因为前者是真要花时间精力在工作上，后者大把闲白时间，一堆人凑一起大把闲白时间能干嘛？",3大容易被绿的职业:程序员，作家，电竞选手[doge],0,0
80,243220317329,243139989713,3493110774500290,3493120559810890.0,超过10万天价彩礼违法行为，,前两天看见个新闻，女硕士公派荷兰留学，在那边找了个白人，就绿了家里老公然后离婚了，找白人是想润过去不回国了，因为公派有要求必须回国几年，这不当年好像问原配结婚时要了66万彩礼，这边怀孕3个月又问白人要，是8.8万欧元，没想到白人老哥直接把她告了，好像拘留了，因为在欧美以结婚为条件索要财物，特别是在女方已经怀孕的情况下，一律定性为诈骗。,0,0
815,243348907840,0,1412876515,,,"一个普通家庭的年轻男士，收入5000多也算可以了吧。
如果愿意一上来就给女方接近30万，而且以后所有钱上交，只保留一点零花钱，女方挣得还不如自己多。
女方还未必能提供情绪价值和家务。
我就想问了，这个S13，就那么缺女人吗
？留着30万，每月5000多，零花钱，就真的比每天有个女人一起睡guo'de觉更差吗？",2,0
1296,243477029569,0,321844596,,,我现在都没有理解为啥要把钱放在一个手上管，想要集中钱做大事，可以开个账号，每个月大家一起往里面存钱[吃瓜],0,0
672,243194996481,243136660145,49670682,423272.0,"这种对收入有顾虑的，我建议找中医医生。为什么呢？按岳阳的普遍标准，他毕业大概两三千，等他28岁了，大概收入就是5000了，这比毕业大概翻一番了，说出去挺励志的[doge]等他四五十岁了，收入应该在一万左右了[doge]而且更恐怖的是，中医医生越老越值钱，根本不可能失业！五十岁月收入一万，等他一百岁了，那看诊的诊金是多少，我都不敢想。[吃瓜]
最近又看了看显卡，去年2100买的6700xt显卡都全部停产，而且网上都不要2000了。唉，怎么能这样呢？显卡就应该跟姑娘一样，越老越值钱[吃瓜]虽然是几年前的显卡，虽然可能拿去挖过矿，虽然有修过，但是它看起来像新的呀，不识货",虽然是个段子 倒是感觉有被冒犯到 稳定的穷 毕业两千  现在二十八了  一年到手才 7万[笑哭]也比五千好不到哪里去[笑哭],0,0
1357,243178603073,0,59996565,,,“三个女儿不是亲生”的那位大哥，是不是也是江西的？,0,0
58,243317771008,243241493664,57963611,7206205.0,希望这位女士多跟自己闺蜜聊聊，坚守底线，人就活这一次，不要留下遗憾哦,对！必须各方面都得比闺蜜的强才配得上！如果合格那么这男的是跑不了了，但是，可以告诉所有闺蜜，一定要安找个标准找，不达标的劝分手重新来过！迷途知返啊！（救不了这个救其他兄弟吧）,2,1
134,243316802256,243110815681,291066644,10413265.0,听到江西我就[滑稽],快去分担吧,0,0
934,243233090385,0,205139691,,,江西女的都是这种脑回路么[捂脸],0,0
1577,243123803265,243122728609,320336364,40547577.0,江西很出美女？,不然这个智商实在不理解男的看上她啥[喜极而泣],0,0
824,243138012961,0,424727186,,,说实话，我真觉得小敏说得对。其实彩礼八万八我觉得不低了，而且女方自己和男方收入差距又大，女方凭啥去管人家钱啊，人家虽然自己小气，但是对女方又大方收入也高说明人家也挺有责任心的，男生学历也高基因估计也不错，以后生了孩子，孩子的吃穿用度和教育大概率也不会拿女方的钱去贴，女方就相当于工资自己攒着花了呀。而且又是全款房，没房贷，自己租房租那么大的一个月都是两三千多的，一年就是三四五万，都占女方的收入三分之一了[笑哭],0,0
505,243454275537,243452615841,21291282,3493104308980490.0,说个简单的，牙齿都有三六九等别说面积更大的脸了，几千块钱几万块你想拿到人家这个资源的效果？小学生都不敢想吧，这个东西还不是一次性的，还得时时修护,平民性价比最高的还是 水光针 肉毒和热玛吉～,0,0
1575,243947854113,0,320801574,,,十一分钟我眉毛就没下来过,0,0
348,244267947344,243169002529,300333729,949284.0,大家不要听这个媚楠UP瞎说，我身边一个姐姐40多岁了，一直不将就，前段时间嫁给迪拜王子了，彩礼好几百万（,你多打了个半边括号[doge_金箍],0,0
387,243124631329,243251836432,19277258,3688939.0,真想赚钱就是稍微态度好点，以后的收益比这10万多不知道哪里去了。领证之后，她的各种问题变本加厉。纯粹是她自己放弃了，破罐子破摔。所有的行为都没往好方向发展。,说实话就是没看上你，也不尊重你和自己（不然直接说明白我不喜欢你，干脆不和你发展）。可是她看上的人，估计也一点看不上她,0,0
1025,243159993905,0,3493105479191180,,,如果男方是白人，她可能“倒贴”也愿意。,0,0
895,243123075969,0,1488086674,,,现在基本都是这种女人了。男生们觉醒吧,2,0
829,243245012032,243242812224,633537034,388190832.0,男的挺好了，不愿意给高彩礼也不上交工资卡，并没有你说的那么没底线,我指的是他一味付出，付出不是只看大才叫付出，當然有些女性會指出所謂的拜金女不要零用錢，覺得吃飯等這些男方付出是理所當然，並且忽略為什麼不是她們付錢這個概念，具體在遊戲說明（好比如在這類人看來開掛小透就不算外掛）反正在我看來他們就是潛在的拜金女，當然也是那些第一次談戀愛以及自己本身沒什麼價值只會通過討好女性怕失去的（好男人）慣出來的，失去價值之後再被拋棄，然後這些被捧殺過的女性就成功變成一個不甘平凡但是依賴別人金錢滿足自己的生活質量，其中大部分空有外表被有錢人短擇過的，就會變成大齡剩女，最後等到外表這些先天價值迅速褪去之後被有錢人拋棄之後就會〈男人都沒有一個好東西下）被迫單一輩子（至於她們吸過血的男人？她們才不會管呢）就算小部分桂林接盤了，也只會娶錯妻毀三代（當然這男性也活該就是），所以結論就是我要在這些前輩的埋雷之下找到正常人呵呵,0,0
1675,243767327552,0,32036112,,,up劝这个女的不要错过好男人，但换个角度，他们要是真成了，岂不是把这烂窝瓜往男方嘴里塞嘛？这不是害人嘛！[疑惑],0,0
476,243248280864,243243654240,387055243,1356746.0,作为婚前财产存到自己卡里作为保障可以理解的话，男方的保障谁给呢？而且是要保障什么呢？怕被家暴吗？,男方全款车房加个名[doge][doge],0,0
1422,243157098321,0,198435974,,,总感觉小敏在妖言惑众[脱单doge]这样的话会不会害了客户的男朋友[脱单doge],0,0
1235,243624789056,0,2069902267,,,"【出游季_达咩】老师,我们家子涵很喜欢右边同款(￣3￣) →https://b23.tv/4w6BQq5",0,0
653,243300295104,0,11145914,,,有一点不能理解，谈保障怎么男的就不需要保障了？可不可以理解为扶贫？如果双方都有实力需要保障嘛？,0,0
173,245100429488,245099793456,285420343,6991027.0,你说的女儿正经吗[脸红],只能跟你说懂得都懂[幻星乐园动态表情包_小笨蛋],0,0
39,243243823633,243154627473,386600768,388983698.0,说到这我就得多说几句了，虽然税后四十多又不上交，就算每年上交三五万，比例也好低毕竟年四十多啊，我替姐妹们想想都觉得生气。我建议找个年薪三五万还愿意上交的，对你绝对百分百纯粹~,很核理！,0,0
714,244818307504,244748042016,505249721,40327425.0,"规则的受益者负责维护规则。
规则的损益者负责破坏规则。
你把规则说的再好，它也只是规则罢了[大笑]",蠢狗，赶紧死一边吧，记得让你闺女给男方要个百八十万的，说的一套一套的蠢狗，给你懂完了,0,0
91,244580799729,243124150865,3546774679586890,183939472.0,姐妹，这种男人一定不能交往，我有个同学的姐姐37岁，身高150体重160，终于在去年找到了属于自己的真爱，市属国企分公司总经理，28岁，身高180，颜值8分，年收入50万，现在结婚了，彩礼给了66.8万，工资到手就上交，家务还全包,好嘟姐妹我肯定听你的，我找不到我就孤独终老[墨镜],0,0
1715,243323460192,0,1141159409,,,，小笨总结过啦，请看这里的评论,0,0
876,243240328352,0,417591349,,,自己物化自己,2,0
1193,244507457424,0,38761311,,,人家是以离婚为目的来结婚的,0,0
1094,244222038065,243676662305,1013620271,13407859.0,另外再补充一句关于女的出轨，就是女的出轨和钱相关性其实不大，现实中我也见过同学妈妈出轨的，但那也是男小三给同学妈妈花钱[笑哭]所以已婚女就算身无分文也不影响出轨的，甚至还能挣钱，但男的没钱婚后想出轨真的很难很难[笑哭]不过这么不靠谱的妈还是少数，总体来说找一个男方上交家用真的是我周围已婚人士最主流的模式，大多数媳妇也都挺靠谱的，目前还没听说把钱管没了或者卷钱跑路的[妙啊][妙啊],只能说她没遇到我，但凡是我就不会出现这种情况，我朋友也叫我出去玩女人， 我一直都没答应去呢，我要是能娶个有钱老婆我怕不是做梦都能笑醒，人生已经圆满开心过日子，结果我相亲的女人各个身怀绝技也不漂亮【毕竟过日子不需要漂亮，看的过去就行】，情商低的话是不配有女人[藏狐]，现在的女人只想找自己心目中的符合她各种要求的男人，我寻思你是在许愿吧，有人31或者32都没结婚也是这种，一直拖，只能说它们以后可别后悔[滑稽],0,0
1260,243262869281,0,2367690,,,姐妹 放过你男朋友吧,2,0
1734,243169633713,243119486673,434637083,209459495.0,弱者才总想要保障吧，我老公婚前的房子我也觉得跟我没关系，但我想的是以后我俩奋斗奋斗可以买套更大的，这套房子可以让公婆去住，毕竟他俩掏的钱，用心装修的，环境也不错。彩礼给多少我自己也不在意，我自己婚前存款挺多的，彩礼差不多就行。彩礼嫁妆以后有需要肯定会拿出来，我的那些存款，以后基本上肯定也会给孩子。所以我从来没想过要我老公给啥保障，但他倒是主动上交工资卡，不过他收入比我少一些，不过真心过日子倒也无所谓了，他也不用我贴补他。,大智慧啊[抱拳]把家庭发展起来夫妻双方都是受益者，但是只想着分财产只会搞成零和博弈。,2,0
500,243347117904,243343185024,3980447,330252042.0,确实，再漂亮的女人，35都会老得很明显,35后好像开始算高龄产妇了，生小孩风险大增，就是生理机能衰退了。,0,0
339,243242117712,243110861553,509682234,17546851.0,[tv_发怒]江西女由我们江西男守护,旅游去了[doge],0,0
29,243581319648,243404847600,342692215,404988634.0,把要钱说成底线，你怎么不去抢银行？,你再品品[doge],0,0
1170,244670421600,0,3794738,,,先看看是一手保新未拆封的吗[doge]谁二手商品还当全新卖啊,0,0
1614,243136230801,0,137963885,,,我们这就是这样，娶媳妇给15以上，要不就是极有钱，要不就是大冤种，肯定有人说闲话。虽然很奇怪，但是确实是这样。,0,0
946,243240759872,0,244783238,,,太少了，下次多要点,2,1
170,244564688705,243222016609,2551866,480276081.0,广东本地老哥给8.8w彩礼以上可能会被全镇全村笑一整年[笑哭][笑哭][笑哭],买[妙啊],0,0
913,243258054432,0,19504328,,,[嗑瓜子]我希望这个女的继续这么想下去，让这个广东男生醒悟。就该找个广东妹子，然后分手。同时找个广东妹子还能减轻广东男生负担,2,0
492,243877682641,243331559520,25042179,261208038.0,老家父母绝对不简单 300w 自己赚短期内攒不到那么多,所以有时候抖音已经把这些女的带偏了[笑哭][笑哭],0,0
954,243119785713,243117565025,286375576,116518178.0,一个图财，一个好色，天生一对，锁死，不要流入市场,很少很少有不图财好色的吧，只是方式方法符不符合三观而已。,0,0
1098,243245852816,0,576445833,,,[doge]娶重庆堂客10万彩礼谈到5万，，，过去了6个，拉了几床棉被回来,0,0
1033,243384257616,243247111665,3546595308079320,105242356.0,你说的这些大道理不如别人女方一句话。没用的。,道理是说给听得懂道理的人，而非你所谓的女人,0,0
588,243590027328,243247268064,456954237,94815926.0,"小敏，劝你还是少接触视频里这类女人，免得害了自己。
从一个男人的角度来考虑，我是不可能和这种女人结婚的。中国的社会风气都是被这些捞女败坏了风气，说实话，我并不认为，这种女人适合走进婚姻，迟早也是要分的。
很多骨子里的东西是很难改变的，多的就不说了。
兄弟们，中俄联姻搞起[呲牙]",可是她付💰了[妙啊],0,0
751,243542003872,243116959297,27610107,51045773.0,小敏不要劝女生，你这是在害男生，对男生不公平[吃瓜],"女生是客户，所以尽量给客户考虑，但也控制底线。
若是男生来咨询UP，UP不从客户角度考量，那么就是UP主失去职业道德。[吃瓜]",0,0
658,243382026913,243481349200,130382,8743107.0,还没结婚就奔着离婚去的，从头到尾都是考虑自己。如果以后男方收入一直这么高也就罢了，真有一天失业了，我估计她熬不过男方三个月空窗期。也不用失业，就算男方收入较低让她生活水准下降了，估计都一堆事[doge],当问出如果出轨怎么办就能够知道了.越是自己会出轨越喜欢问对方会不会出轨.[歪嘴],0,0
235,243272060577,243409828000,489023089,336452215.0,那干脆各管各的不就行了。,对阿 但有的女的必须要上交,0,0
733,243237411169,0,441979182,,,工资和家庭都比女朋友好  一直以为自己找的女朋友还是比较单纯的  我跟她谈了一年多谈结婚时 她一直拖着  直到有一天她说工资卡来上交  我终于懂了  是我给她脸了  最后我们分手了  我有点庆幸  因为我感觉她像空手套白狼一样  也明白女人是隐藏最深的  如果一个女生跟你好 并不是真的喜欢  她们是没有爱情的  百分之99,2,0
1157,245134126064,0,4400315,,,姐妹，这男的一看就不爱你，这男的要是真爱你，连他父母的工资卡都会交给你。,2,1
1300,243688657265,0,390356287,,,江西姐妹还是江西老哥守护吧，太有实力了,0,0
1446,243252028208,0,94622948,,,就是自私,0,0
935,243273660080,0,327743101,,,简单概括一下：女生对男的也不怎么满意，想着彩礼多拿点到时候离婚也不亏，不离婚自己也有底气，结果男生不给，自己暂时也找不到更好的，舍不得直接分，但少要彩礼又怕亏,0,0
1066,243250224720,0,45246,,,[大笑]怕啥以后没保障，真是杞人忧天，和现在的男朋友分了就找到一个沙特王子给你保障了吗？要不分了然后去相亲市场撞几次墙到时好男人丢了钱又没了后悔去吧。好男人基本不流通，28岁处到一个这样的快结婚了还不偷笑，要是我女儿以后处到一个这样的我彩礼都不收催他们赶紧结婚以免夜长梦多。,0,0
109,243246317824,243110815681,412646149,10413265.0,听到江西我就[滑稽],江西的女孩有我们守护[妙啊],2,1
1366,243302833120,0,2886611,,,双职工不找双职工，代价就自己老老实实承担吧[doge][doge][doge],0,0
569,243115538033,0,234458675,,,八十  王子，后面养老了,2,1
1168,245127618432,0,3546610309007610,,,没人谈了还恋爱狗都不贪，能升值嘛收益多少,0,0
1175,244727384832,0,3546674561550910,,,怎么办呀发视频问网友,0,0
891,243716451936,243144435969,417363914,423809953.0,我的意思是他男朋友脑子不清楚在这种女的配不上他,确实有点拎不清[doge_金箍],0,0
948,244839581793,0,693283880,,,怎么理解彩礼这个事情，我一直觉得是对女性的生育补偿，可以理解。但是上交工资卡似乎是某小部分女性所迫切追求的，为什么有人对女性有这种负面的刻板印象，我觉得是这些伸手者应该反思的，为什么生来就要把你捧着呢？别人不也是人吗（只是觉得一小部分女性有这种倾向，并不是所有，还有就是觉得，如果我们要追求所谓的女性自己的权利（而不是特权），为什么重点不是在教育不平等，职场不平等这些方面，而是要靠吸别人的血来获取这些效益呢？）,0,0
1049,243391423936,243388252400,230393628,182113900.0,你别自己累死了  老婆拿着钱去找别人了啊,这倒也没有，听说还是单身，而且钱基本被她霍霍没了,0,0
1194,244507235264,0,7838902,,,在哪排队,0,0
1211,244662280720,0,39994422,,,说钱还给她的，有没有想过她也被骗了,0,0
1279,243320114817,0,15584676,,,纠正一下，广东彩礼已经高了，别的地方那是魔幻[滑稽],0,0
885,243582249265,243541773841,267397772,35162964.0,别看那些女的表现清纯，总想着男人会不会出轨，很可能女方自己就是玩得花的人或者至少心里就有着想玩这个想法,你眼中的你不是你，别人眼中的你也不是你，你眼中的别人才是你,0,0
1488,243136178577,0,204985773,,,广东8万8已经很多了，我附近结婚都是2万8，1万8，8万8已经是顶天了，你要看你结婚后直接变珠三角新广州人了，后代直接阶层跃迁，还带着你江西那一套，果然是人穷志短[辣眼睛],0,0
851,243220910897,243354779296,3493110774500290,330252042.0,你真的税前百万么？我有点怀疑啊，年薪百万找个年轻5岁的妹子倒追还不容易？,听听就好，年薪百万都找刚毕业的,0,0
735,243241872465,0,280053051,,,希望这位女士多跟自己闺蜜聊聊，坚守底线，人就活这一次，不要留下遗憾哦,2,1
718,243219956113,243219796657,22830875,34733771.0,哈哈哈你是懂二分法的,这不是我分的啊，我记得up主就喜欢说小美女[doge],0,0
455,243388332672,243250485793,3688939,105242356.0,这种人就该自生自灭啊，免得祸害别人。,想清楚她内心想法的那天，真的恶心。已经把她当亲人的爱在她心里只是妥协。,0,0
265,244490540481,243126355089,241740163,3111871.0,诺手血怒也就五层，闺蜜对比+弟弟+江西+28+低薪管钱要态度+n=qweqar光速血怒诺克萨斯断头台直接劈[笑哭],彻底疯狂！,0,0
76,243153765281,243140106897,330640961,3493120559810890.0,这男人傻子,[笑哭][笑哭]他在反串啊…老哥,0,0
445,243246617665,243163423265,105242356,67782399.0,经典江西，和我前任一样，要除了三十万彩礼之外还得给她一百万放共同账户，就尼玛离谱，还想让我婚前给，怎么可能呢，真是白日做梦，就算结婚生孩子也不能要这么多,这不就是许愿吗？普通人给30万彩礼已经是天花板了，还要100万，想屁吃啊，当男人是傻子吗？,2,0
396,243258735296,243127602849,3688939,2714477.0,那你父母怎么说？你们家跟她们家30年都认识。那你父母算什么，这算是害你了吧！怎么能交往30年的？,是我家父母和她家父母工作就认识了，30多年。我和她算是其他人眼里的青梅竹马。实际接触也是工作之后，从接触到分快5年。我爸妈也是觉得把2个凑一起是错了。但是我家这种环境和性格。看到小错总觉得还能改，感情也能培养。领证之后发现根本没喜欢过我，我才彻底放弃，那时候我爸妈还觉得为了我的幸福还能忍受她家和她的态度。,0,0
177,243114712529,243244213968,24629484,610933.0,江西福建好哥俩,这可不能好哥们[doge] 江西妹子还是交给老表们守护,2,1
1043,243378334384,243376872976,230393628,330252042.0,这也能同意啊,所以离了么哈哈,0,0
1542,243216011425,0,49598783,,,就这种算计的劲，这兄弟分了 也算渡了一劫,2,0
1238,243444630672,0,220363348,,,确实，颜值崩塌真的是断崖式的,0,0
1721,243245815104,243240482336,12513300,105427147.0,我馋小敏怎么办[doge][doge],排队去,0,0
596,243243405056,243113131185,1356746,521030667.0,教连线的女观众怎么套男方的钱[呆],这就和反诈一样啊，她不教，你能了解那么多招好提前预防吗[doge]人家是好人啊,0,0
62,243356947904,243241493664,1357570006,7206205.0,希望这位女士多跟自己闺蜜聊聊，坚守底线，人就活这一次，不要留下遗憾哦,闺蜜说，这个我懂，必须分啊，不然我往哪里找个这么好的男朋友啊。,2,0
873,243309647120,0,27776114,,,既然这么犹豫，可以选择多给嫁妆，自己的工资卡上交啊！什么？不行啊！那就分[OK],2,0
1318,243440640544,0,468011,,,当执着于钱的问题时，这个女的对男的已经确定是没真感情了[doge],0,0
1665,243388152753,0,322401592,,,教你做生意呢[嗑瓜子][嗑瓜子],0,0
279,244589668720,243240606368,660331729,47146145.0,姐妹！别听UP主的！别说工资卡了，如果男朋友真的爱你，你要天上的月亮都要给你！[doge],云天明：是真的，我给了恒星[doge],2,1
37,243307950608,243291718304,43774206,28749725.0,江西的女生就应该由江西老表来守护，建议那位广东老表还是别踩过界了，江西女她没嫁给你就已经想敲骨吸髓了。,放过江西老表，江西老表要睁眼看世界了,2,0
663,243142054161,243110498017,308870979,86596362.0,彩礼:不给多就是丢脸[doge],脸比命重要,0,0
1601,243173495825,0,11953479,,,有个问题，300万全款房在她这里=0吗？还计较那点彩礼，多少广东女孩赶着上呢，求她放过广东男孩,0,0
1277,243417485376,0,346296820,,,黑龙江要多少彩礼啊[笑哭],0,0
978,245050432336,0,308904141,,,然后男朋友看到了小敏的视频[胆大党_微笑],0,0
1393,244038054033,0,39613760,,,985本硕，家里父母有退休金，全款300万，年薪50个，我的天，这叫一般的条件，现在都是天仙嘛,0,0
739,243119037729,0,2522563,,,转身，闺蜜把你男朋友泡了，你哭都没眼泪,2,0
192,243168858465,243283158704,949284,610933.0,你懂个屁 福建也是三倍  空调被羽绒被大棉被 全部包起来晚上哭的时候声音传不出去,[笑哭]哈哈哈原来被子是这么用的吗,0,0
920,243175588497,243142587665,6257550,404829268.0,嗯，收入基本都存定期了，也就给大额冲动消费加了条冷静缓冲绳，小额剁手就剁吧，有花堪折直须折[辣眼睛],你这样是没问题的，但视频里的可是想完全掌控男方银行卡，就这样的女的和家庭，真给她 估计会被吃干抹净~,2,0
457,243392119584,243241366496,3546381557958910,388190832.0,"有个成语叫杀鸡取卵，童话故事里也有杀掉下金蛋的鹅，就为了一次多取两个金蛋。
听故事的时候，都觉得故事里的人蠢，实际上在现实中这种人比比皆是，短视是最大的原因，看不见长远利益，只想着一次性买卖。
那姑娘就是，结婚就是奔着离婚去的，想的就是我结这一次婚，能把自己卖多少钱，那钱一次性全装自己口袋里才舒心。
你让她长久的过日子等待收获，咦，那不行，不结结实实攥手里的就等于没有。",现在结婚，男的想的是把家庭搞好，一起过日子，女的想的如果离婚了我能得到什么？所以想法不一样，男的越来越不想给彩礼，也越来越不想结婚,0,0
676,243347059072,243194996481,3980447,49670682.0,虽然是个段子 倒是感觉有被冒犯到 稳定的穷 毕业两千  现在二十八了  一年到手才 7万[笑哭]也比五千好不到哪里去[笑哭],你这收入应该能超过全国80%年轻人了（不计算当地消费水平）,0,0
761,243334101648,243307274304,192133623,353062222.0,这个女人一点都不坏 坏就坏在所谓的闺蜜好言相劝 又怕闺蜜过不好 又怕闺蜜开路虎那种 真的很离谱！1线体制内15W基本属于最低配置 她自己也懂 但是好看确实就是优势 天大的优势 因为好看所以可以有跨阶级选择的权利 她能被骂醒也证明真的不傻 如你所说把自己年纪熬上去了就真的大打折扣 所以敏是真的很会拿捏关键点,可拉倒吧，还这个女的不坏，彩礼28.8是她闺蜜摁着她的头要的？还有，国企就别说体制内了[辣眼睛],0,0
1602,243199845809,0,286564378,,,经典赚钱少的去管赚钱多的[吃瓜],0,0
729,243111384369,0,277341282,,,弱者的逆袭，掌握男方银行卡。,0,0
413,243133308769,243258821392,2714477,3688939.0,没这层30年的关系，早分了。,家庭情况差这么多，还有30年交情，你父母算是好人了，但是好人没好报，我觉得也不能值得可怜！花了钱不说，还耽误时间。,0,0
1099,243112831137,0,415534368,,,她想爆金币[吃瓜],0,0
826,243265158432,0,700548105,,,我不想吐槽这个妹子，我就说我亲姐吧，我们家三个，我大姐和我姐夫高一开始同桌，我姐夫追她两年，每天早餐晚餐，节日送礼物，那会07年，我姐夫家爸妈都是体制内，他从小就是不缺钱的太子爷，到现在36了，没有碰到过坎坷，喜欢我姐喜欢的要死，我姐那会洋气漂亮，170，大学四年，我姐乌鲁木齐，我姐夫武汉，毕业后又是几年异地，姐夫属于自己兼职，零花，都花给我姐和我还有我二姐了，本来都谈婚论嫁了，然后闹分手，这是最严重的一次，我和我爸妈都轮番劝我大姐，我姐本来也是觉得自己年轻漂亮，不缺人追，等等，心态有点得瑟吧，后来也是听劝，后来2013结婚了，没有要1分彩礼，还把自己攒的钱赔嫁十万买了一个十五万的车。我爸妈还去香港给我姐夫送了一万多的表，我姐夫也不像一般的蠢男人，觉得白来的不珍惜，相反，他付出了很多，我姐婆婆一开始也是有点防着我姐，几套房子什么的都不加我姐名字，有时候还要数落一下我姐和我家人，我家里那会家道中落，我父母回了湖南，各种也帮不上忙，就靠我姐自己努力➕隐忍➕聪明➕好好过日子经营自己的生活和家庭，几年以后，公婆对她都刮目相看，因为我姐特别会过日子，我姐夫啥也不管，我姐就管钱，然后投资买房，收租金，然后买商铺，收租。全家的采买，送礼，人情，孩子的教育各种费用学校，包括全家去了旅行攻略省钱啥的都是她一手包办，有人会说很累，但是她也擅长，乐在其中，现在，她公婆都退休了，一个月20000多退休金，一个星期五天都是她们带孩子，就一个孩子，她和我姐夫不要太爽，房子，车子，铺子，存款都给我姐，都加她名字，还有好多细节就不说了，我想表达的是这就是聪明的女人，好好过日子的女人，抓大放小，不要因小失大，现在的日子过得简直不要太滋润，虽然没有特别大富大贵，但是在新疆，就是小康中产，从不为钱头痛。好多女孩子学着点吧，别什么都不想付出，还什么都想要，好好过日子才是王道，我一个姑姑就是反面教材，90年代嫁给香港人去了深圳定居，买了房，买了车，几百万的现金存款，然后没想着好好工作提升自己，天天过夜店，出轨找男朋友，被人盯上了，然后带她溜冰，然后破产离婚被扫地出门，回了湖南乡下，现在不到五十癌症等死,0,0
1324,244642832705,0,401592,,,怎么能将就！多听多看多学xhs，世界上这么多男人，没有他有的是男人！必须上交，必须管钱！,0,0
617,243136530881,243126920881,204985773,327356356.0,[嗑瓜子]分了，这条件换我谈，我彩礼要的少，条件比她好,我先来的，看下兄弟男的接不接受[黑眼圈_金箍],0,0
115,243252653440,243246317824,399332256,412646149.0,江西的女孩有我们守护[妙啊],[OK],0,0
418,243277138880,243133128769,89881503,5500055.0,这货脑袋里全是水吧,当时他脑袋进水了，说什么怕身上有钱了会跑，要什么买什么给钱不行........别人过来签证啊路费什么的都万把块，虽然是你出的钱，怎么可能为了这1000跑了，还是你觉得花了钱你就真当这老婆是你买的啊？不把别人当人打算软禁别人吗？你把法律当什么了，何况还有中介呢，中介不就是防止你们双方乱来么。结果你看别人觉得你不靠谱，和中介一说不嫁了，没钱照样跑了。,0,0
1690,243238508273,0,7953260,,,哪个学校上学的？本科生？硕士生？还是博士生？女生女生的，女生是指女学生吧，你是女学生吗？奉劝所有不上学的女的，别再自称女生了。,0,0
970,243738517857,0,91792482,,,广东深圳，我老婆的彩礼才1W块钱，是结婚，不是买老婆,2,0
605,243128895217,243128663489,1395486352,521030667.0,她说那一段话出来受众已经不止当事人了[呆]。,我觉得她就是在灰色地带，毕竟又不犯法，但是玛尼大把大把，我是俗人，我挺羡慕的,0,0
1697,243404835632,243298508304,315832312,315832312.0,动不动就江西女江西女，你们接触过吗？或者你们真正谈过吗？谈过好的吗？物以类聚，人以群分，自己三观不行找的就是跟自己三观类似的。靠着网上的几个负面案例形成刻板印象，一杆子打翻一船人，小学生都不这么干了，真够无知愚蠢的。,没文化少出来丢人现眼，你了解钢管舞吗？你脑子里恐怕只有擦的黄色废料吧，真正的钢管舞那是世界级舞蹈,0,0
90,244505114737,243124150865,405762557,183939472.0,姐妹，这种男人一定不能交往，我有个同学的姐姐37岁，身高150体重160，终于在去年找到了属于自己的真爱，市属国企分公司总经理，28岁，身高180，颜值8分，年收入50万，现在结婚了，彩礼给了66.8万，工资到手就上交，家务还全包,都穷疯了,0,0
849,243354517616,243342952768,385473117,330252042.0,怎么会，是不是长相有问题,"我长相很正常啊，之前也读书时也谈过恋爱后来分手了。
   现在就是工作太忙了，感觉聊年轻一点的女生都难呢，她们不太想找我这个年纪的大叔。",0,0
1346,243409543793,0,3493111770646850,,,说真的要是现在女性一点权力都没有，休妻还只能男性发出的话，28万这钱我把房子卖了我都付。那什么面子都是假的。😂,0,0
1696,243404540768,243298508304,315832312,315832312.0,动不动就江西女江西女，你们接触过吗？或者你们真正谈过吗？谈过好的吗？物以类聚，人以群分，自己三观不行找的就是跟自己三观类似的。靠着网上的几个负面案例形成刻板印象，一杆子打翻一船人，小学生都不这么干了，真够无知愚蠢的。,那你这种刻板印象我可不可以理解为四川男都是gay,0,0
754,243541760880,243348907840,27610107,1412876515.0,"一个普通家庭的年轻男士，收入5000多也算可以了吧。
如果愿意一上来就给女方接近30万，而且以后所有钱上交，只保留一点零花钱，女方挣得还不如自己多。
女方还未必能提供情绪价值和家务。
我就想问了，这个S13，就那么缺女人吗
？留着30万，每月5000多，零花钱，就真的比每天有个女人一起睡guo'de觉更差吗？","主要是我们社会本质男性‘解放’比女性‘解放’要差的多，现在倒反天罡和反智就多了。[吃瓜]
一个男的被束缚二三十年，饿极了，一个玩累了找个老实人，后者不把前者玩死才是不符合常理推导。[doge]",0,0
499,243343185024,243187057825,330252042,21291282.0,30左右会衰老很快，34岁断崖衰老 好好珍惜这两年 或者攒钱做医美,确实，再漂亮的女人，35都会老得很明显,0,0
12,244008415873,244001952129,340982179,85725969.0,因为小敏是提供有偿咨询服务的,这钱最后不还得她祸害的老公一家人出？造孽啊,0,0
397,243258811696,243257456832,57897703,3688939.0,主要是人生观被暴击了。生活无忧，能给我个10万，都不知道能提升多少生活品质了。她们家的欲望跟无底洞一样。,兄弟，你多大岁数啊,0,0
285,244168927073,243252965233,107333561,487545458.0,那问题来了，对男生的爱兑现出来有多少？[doge_金箍],变负数啊，越爱越小丑[给心心],2,0
1067,243476198432,0,779820,,,这男生税前50个，大兄弟，为何要找这样的女朋友？恋爱闹吗？[doge],0,0
1192,244728619360,0,6514314,,,姐妹，你做得很对，我觉得得学习你，你能教教我吗，怎么保持逼逼紧致，最好发张照片给我看下，拜托了！[嘟嘟],2,1
691,243267605073,243266169889,105242356,441979182.0,是个人都放不下的  能做到无欲无求的能有多少  接受自己一无所有 接受被对方拿捏 背叛等等  如果能若无其事的接受和放下  可能不是人了  是神了,那就让她自己想吧，反正每个人有每个人的想法，你我都改变不了。,0,0
1449,243360958224,0,390458228,,,这300万的房子大概写的男朋友父母的名字吧[吃瓜],0,0
1662,243702002464,0,399909448,,,现在真的是什么女人都妄想有一个白出力的老公，经济不独立，何谈尊严,0,0
690,243266169889,243260915345,441979182,105242356.0,越是想法越多的，或者对婚姻期待很高的，基本很难走近婚姻，因为她们的假设条件太多了。,是个人都放不下的  能做到无欲无求的能有多少  接受自己一无所有 接受被对方拿捏 背叛等等  如果能若无其事的接受和放下  可能不是人了  是神了,0,0
852,243357872224,243354779296,385473117,330252042.0,你真的税前百万么？我有点怀疑啊，年薪百万找个年轻5岁的妹子倒追还不容易？,深圳这地方年薪百万只是普通中产，年轻5岁的妹子倒追你真是想多了。,0,0
160,244701770912,243110815681,30597628,10413265.0,听到江西我就[滑稽],哈哈哈，我有个江西的同事，他跟我说，他小时候就和家里人说，他不想娶江西的姑娘，现在他老婆真的不是江西的哈哈哈,0,0
896,243244435280,0,417520333,,,听到一半我已经豁然开朗了,0,0
1403,243691042672,0,25920911,,,buff拉满了，我只能说条件高不是你的错，不愿意给你是这个男的错，再找吧，不要降低标准,0,0
258,243262547441,243126355089,281112369,3111871.0,诺手血怒也就五层，闺蜜对比+弟弟+江西+28+低薪管钱要态度+n=qweqar光速血怒诺克萨斯断头台直接劈[笑哭],就这一句话能写个史诗级宫廷剧[doge],0,0
336,243408071840,243259490401,96498407,1141162898.0,普通人基本都做不到，太难了，即使是年薪50万，扣完税、扣完五险一金，估计也就40万左右了，这么高的工资水平、俩个人生活开销，连吃带喝，保守一年10万不过分吧。一年赞30个，都得赞十年[阴险]，人家这个哥们儿直接全款，无敌了卧槽,父母有钱，而且有公积金，还有广西广东很多人很抠搜但是买房啥的不喜欢还贷款，有钱都是直接全款。我是娘家广西人。,0,0
1666,244292432368,0,442831137,,,男的不是人吗？,0,0
1040,243248325361,243359505248,409549791,677512824.0,本科生，双非一本，男，净身高173，体重150斤，福州市区两套小面积房产（都是80平方左右），父母都是医生，自己家开诊所的，父母年收入应该加起来有30w左右，这个条件怎么样呀[脸红][脸红]我今年考研没考上，在家二战[大哭][大哭]01年的，从小到大都没交过女朋友，身边好多同学都有女朋友了，真的好焦虑[脸红][脸红],你这个家庭 父母 帮你 买个房子 车子  结个婚还是简单的 ，关键是你自己 别摆烂 好好考研 or 工作,0,0
516,243241004961,243115538033,265996667,234458675.0,八十  王子，后面养老了,全忘完了是吧,0,0
1016,243336067856,0,22119507,,,没结婚就想分财产的下场只会越来越惨[喜极而泣][喜极而泣],0,0
769,243215677393,243128458241,49598783,372818179.0,38.8拿得出来，但是我情愿当成买老婆，付了钱就永远别和家里联系,想多了，到时候  反咬你一口 说你不懂礼数  嫁给你不是卖给你了，巴拉巴拉 能数落你一辈子,0,0
1551,243496009473,0,36636972,,,"往恶的角度盲猜一手嗷，三种情况
1.人家图的是我这个人，万一我年纪大不好看或者以外毁容了，他看不上我了，我没有保障了咋办
2.万一我年纪上去了依然还好看，但是他满足不了我，我要找了个小白脸。结果事情败露了，我没有保障了咋办
3.万一我们两啥问题都没，结果他非工伤英年早逝了我也年纪上去找不来二婚了，我没有保障了咋办
总结：我要一笔他给的，从今往后他从我生命中完全消失，我依然可以保持现在这种生活不下去的钱，作为保障",2,0
762,243404682352,243334101648,353062222,192133623.0,可拉倒吧，还这个女的不坏，彩礼28.8是她闺蜜摁着她的头要的？还有，国企就别说体制内了[辣眼睛],你是有什么扭曲的心里？自己家乡的民俗，没听到人家一开始说拿自己收入垫进去？然后因为闺蜜的说辞动摇了？非得往恶去揣测？最后能被小敏说通还不是因为有那股善！懂我为什么说体制内么？因为不是体制3000块的中国黄金也叫国企 你在叫什么东西？,1,0
1247,243416578385,0,327506776,,,逆天老妹,0,0
1204,244352392369,0,53097095,,,分，必须分！具体的忘了，反正最后成仙了！,0,0
1714,243298508304,0,315832312,,,动不动就江西女江西女，你们接触过吗？或者你们真正谈过吗？谈过好的吗？物以类聚，人以群分，自己三观不行找的就是跟自己三观类似的。靠着网上的几个负面案例形成刻板印象，一杆子打翻一船人，小学生都不这么干了，真够无知愚蠢的。,0,0
1759,243240096736,0,1559789916,,,前排,0,0
522,243292552016,243248842608,22361222,421706916.0,"我们家现在我都给我女朋友管钱，毕竟两家都认识，而且我们谈了五六年，和她谈恋爱之前我一分钱都存不下来（学生时期每个月3000基本上全用光）。
我是个花钱相当大手大脚的人。。。基本上有多少用多少，她比较节省，平时出去玩都是她嫌消费太高然后不愿意。
这种情况我觉得我就乐意把钱给她，除非是投资，不然我也不想过问，生活上的开销管起来太麻烦了。",邀请我干嘛？这人以后离婚没钱付律师费的。（JPG,2,0
23,243429919872,243404847600,18873823,404988634.0,把要钱说成底线，你怎么不去抢银行？,你看不出他是友军吗,0,0
357,243166739969,243129781953,105242356,35543755.0,我一朋友，结婚花了大几十，金器钱就给了十多万，两个人到海南全消费掉了，我听到的时候都惊了，更逆天的是婚后女的直接不工作了，男的不仅工资上交，还不能出去有社交，还会被翻手机[辣眼睛],迟早得离，,2,0
1555,243528796384,0,435406829,,,有什么圈子就有什么人。看女生对方姐妹就知道了女生啥人,0,0
341,243115913105,243110861553,34804677,17546851.0,[tv_发怒]江西女由我们江西男守护,说的好，支持江西男守护江西女[打call],2,1
432,243346606960,243241366496,3980447,388190832.0,"有个成语叫杀鸡取卵，童话故事里也有杀掉下金蛋的鹅，就为了一次多取两个金蛋。
听故事的时候，都觉得故事里的人蠢，实际上在现实中这种人比比皆是，短视是最大的原因，看不见长远利益，只想着一次性买卖。
那姑娘就是，结婚就是奔着离婚去的，想的就是我结这一次婚，能把自己卖多少钱，那钱一次性全装自己口袋里才舒心。
你让她长久的过日子等待收获，咦，那不行，不结结实实攥手里的就等于没有。",你这例子不太对，鸡是自己的财产杀了就没有了。男人不一样，那属于空手套白狼，这个男人没了再找一个（除非下一个差不多条件的不好找了）。,0,0
474,244532462096,243141644641,19602706,606292065.0,这位女士，你这是谈的是生意，不是谈感情啊。,甚至up全程的核心观点也是早结婚可以早薅男方羊毛，早点把男方收入做实成共同财产……口口声声说什么平权独立，结果也不过是打扮精致的乞丐而已。,2,0
218,243156708161,243136225857,352348465,204985773.0,所以从小广东父母就不建议孩子和外省结婚，当然广西海南老表除外,为啥除外呀？,0,0
912,244494814704,0,4499903,,,"你没有CPA, CFA 或任何金融从业资格证我为什么要把我的钱交给你打理？？？",2,0
1228,244397807680,0,457234916,,,把大的小鸟抓住，把小的鸟放掉,0,0
1443,244063705376,0,322932411,,,分了吧，让我谈,0,0
1012,243274950689,0,860973,,,还有弟弟哈哈哈哈哈觉了,0,0
1769,243115805217,243114038145,100811268,361697594.0,为啥现在全网都年薪四五十万啊,知乎上面基础都是年薪百万，我只能这个年薪50万还得练练,0,0
94,244777168513,243124150865,280737698,183939472.0,姐妹，这种男人一定不能交往，我有个同学的姐姐37岁，身高150体重160，终于在去年找到了属于自己的真爱，市属国企分公司总经理，28岁，身高180，颜值8分，年收入50万，现在结婚了，彩礼给了66.8万，工资到手就上交，家务还全包,不是升仙的那个版本我不是很认可[嗑瓜子][嗑瓜子][嗑瓜子],0,0
1009,243150612145,0,519252,,,得寸进尺，挑战极限[吃瓜],0,0
1071,243372823904,0,230393628,,,老婆管钱啊？也看哪一种管吧…中午饭17块我都要临时让同事垫一下的时候，我绝望了[微笑],0,0
1093,243676662305,243828184960,13407859,254116309.0,男的留钱可能出轨，女的管钱还可能养小白脸呢，真的搞笑。,另外再补充一句关于女的出轨，就是女的出轨和钱相关性其实不大，现实中我也见过同学妈妈出轨的，但那也是男小三给同学妈妈花钱[笑哭]所以已婚女就算身无分文也不影响出轨的，甚至还能挣钱，但男的没钱婚后想出轨真的很难很难[笑哭]不过这么不靠谱的妈还是少数，总体来说找一个男方上交家用真的是我周围已婚人士最主流的模式，大多数媳妇也都挺靠谱的，目前还没听说把钱管没了或者卷钱跑路的[妙啊][妙啊],0,0
1407,243350661904,0,1251387207,,,[灵魂出窍],0,0
697,243251325280,243240044224,430193334,37974422.0,说实话，要是这样我选择不结婚，结婚干啥，自己找不痛快,这种靠上交工资卡才能维持的感情，主动权在对方手上，她愿意和你在一起就在一起，不愿意随时能分开,2,0
1590,243244240928,0,288585004,,,年50 出手大方 而且还能商量 这种男人为什么不好好抓住[海虎表情包_毛虫],0,0
997,244570995104,0,675452331,,,合肥这边一般5万以下，大部分1888、2888、3888,0,0
154,243728307857,243246317824,1924586575,412646149.0,江西的女孩有我们守护[妙啊],到你了兄弟我承受不住[滑稽][滑稽][滑稽],0,0
1100,243251650048,0,31570727,,,生金蛋的鹅,0,0
1529,243127796081,0,249177795,,,这女的，也是牛逼，价值观不一样，男的喜欢，就扛着吧,0,0
1773,243113340081,0,388626198,,,保护自己的血压不要看，广东五十万年薪父母有养老金讨好一个江西十五万的？,0,0
790,243390181201,243138012961,3546616248142070,424727186.0,说实话，我真觉得小敏说得对。其实彩礼八万八我觉得不低了，而且女方自己和男方收入差距又大，女方凭啥去管人家钱啊，人家虽然自己小气，但是对女方又大方收入也高说明人家也挺有责任心的，男生学历也高基因估计也不错，以后生了孩子，孩子的吃穿用度和教育大概率也不会拿女方的钱去贴，女方就相当于工资自己攒着花了呀。而且又是全款房，没房贷，自己租房租那么大的一个月都是两三千多的，一年就是三四五万，都占女方的收入三分之一了[笑哭],扫街吧你 还男方小气？男方又没什么错,0,0
581,244967376112,243246349776,3546775663151550,494874115.0,希望談崩,当事男请联系我,0,0
704,244649936400,244411407136,40327425,52506321.0,8w8真的是在广东这边普通老百姓顶中顶的聘礼了吧，我这边大部分都是以组建新家庭为目的，双方父母都投入同等资源注入新家庭的，彩礼知道是啥吗？那是古代娶小妾才叫彩礼（意思就是卖身契），娶小妾才不用回礼，门当户对的娶都是男方聘礼，女方嫁妆加女方家回礼。,"别搞笑··彩礼是自古以来儿子孝顺父母的·！（岳父母也是父母）女儿不帮要要彩礼·就会被父母弄死~！这是一种终极的资源财富的挤压~！
你这样偷换概念也没用了~！因为下一代人吃不到红利了~！你要懂社会·一代害一代··",1,0
1213,244136118337,0,3461583021804380,,,建议男的找个广东妹子,0,0
1482,243340149008,243190726193,85729736,1512723562.0,"陪嫁什么？三床被子吗？
[doge]",条件这么好，三床被子就免了吧[妙啊]。,0,0
1261,243237254417,0,128576695,,,[doge]江西，有个弟弟，不跑？,2,0
488,243340708848,243243654240,74083742,1356746.0,作为婚前财产存到自己卡里作为保障可以理解的话，男方的保障谁给呢？而且是要保障什么呢？怕被家暴吗？,真家暴反而可能没那么多事，敢要钱直接打一顿，,0,0
560,243129781953,0,35543755,,,我一朋友，结婚花了大几十，金器钱就给了十多万，两个人到海南全消费掉了，我听到的时候都惊了，更逆天的是婚后女的直接不工作了，男的不仅工资上交，还不能出去有社交，还会被翻手机[辣眼睛],2,0
1142,244894174545,245113002896,339749651,95798347.0,应该叫下发,✅ 给不给看我心情,0,0
1120,243247574097,243147453217,409549791,494578076.0,50年薪就敢找这种只有脸女生，他是怎么挣50的,学生时代没谈过恋爱 ，搞学习去了，毕业 进大厂 一心搞事业，要结婚了 ，经人介绍，认识了个 所谓肤白貌美的 女生，他把握不住[嗑瓜子],0,0
802,243254942945,243265158432,27924267,700548105.0,我不想吐槽这个妹子，我就说我亲姐吧，我们家三个，我大姐和我姐夫高一开始同桌，我姐夫追她两年，每天早餐晚餐，节日送礼物，那会07年，我姐夫家爸妈都是体制内，他从小就是不缺钱的太子爷，到现在36了，没有碰到过坎坷，喜欢我姐喜欢的要死，我姐那会洋气漂亮，170，大学四年，我姐乌鲁木齐，我姐夫武汉，毕业后又是几年异地，姐夫属于自己兼职，零花，都花给我姐和我还有我二姐了，本来都谈婚论嫁了，然后闹分手，这是最严重的一次，我和我爸妈都轮番劝我大姐，我姐本来也是觉得自己年轻漂亮，不缺人追，等等，心态有点得瑟吧，后来也是听劝，后来2013结婚了，没有要1分彩礼，还把自己攒的钱赔嫁十万买了一个十五万的车。我爸妈还去香港给我姐夫送了一万多的表，我姐夫也不像一般的蠢男人，觉得白来的不珍惜，相反，他付出了很多，我姐婆婆一开始也是有点防着我姐，几套房子什么的都不加我姐名字，有时候还要数落一下我姐和我家人，我家里那会家道中落，我父母回了湖南，各种也帮不上忙，就靠我姐自己努力➕隐忍➕聪明➕好好过日子经营自己的生活和家庭，几年以后，公婆对她都刮目相看，因为我姐特别会过日子，我姐夫啥也不管，我姐就管钱，然后投资买房，收租金，然后买商铺，收租。全家的采买，送礼，人情，孩子的教育各种费用学校，包括全家去了旅行攻略省钱啥的都是她一手包办，有人会说很累，但是她也擅长，乐在其中，现在，她公婆都退休了，一个月20000多退休金，一个星期五天都是她们带孩子，就一个孩子，她和我姐夫不要太爽，房子，车子，铺子，存款都给我姐，都加她名字，还有好多细节就不说了，我想表达的是这就是聪明的女人，好好过日子的女人，抓大放小，不要因小失大，现在的日子过得简直不要太滋润，虽然没有特别大富大贵，但是在新疆，就是小康中产，从不为钱头痛。好多女孩子学着点吧，别什么都不想付出，还什么都想要，好好过日子才是王道，我一个姑姑就是反面教材，90年代嫁给香港人去了深圳定居，买了房，买了车，几百万的现金存款，然后没想着好好工作提升自己，天天过夜店，出轨找男朋友，被人盯上了，然后带她溜冰，然后破产离婚被扫地出门，回了湖南乡下，现在不到五十癌症等死,少去插手他人因果，每个人的报应都是自找的，你说了这么多又有多少人看得进去？又有多少人想得明白？像up这样把活生生的现实拿出来就不错了，想得明白的算是她自己缘分已到，想不明白的那是她自己的业障未除，念不到位说什么都白搭。,0,0
513,244638286881,244621039761,21291282,28128370.0,顺其自然就好啦，把钱留着吃好喝好不好么[微笑],不行 我要做街上最靓的仔！,0,0
634,243116986929,243110887361,2206798,107265160.0,不是，女的不上班吗？惦记工资卡,我也不理解为什么结婚要交工资卡，可能因为我单身吧，自己辛辛苦加班赚的钱，每个月都给她？完了我想花钱买点啥害得看媳妇眼色是不，我艹，无敌了,0,0
1425,243133841665,0,26543679,,,"对方不自愿给管 就是男方不够爱喽

但是性别对调不成立呢",0,0
1737,243200946209,243335212992,209459495,392774029.0,嗯，对的，说到点子上了，其实很多女人跳脱不了弱者思维，能看到这层，不容易。男女关系是基于平等互换的基础，一旦这个天平倾斜的太严重，破裂是迟早的事，没有无条件的付出，对方也不欠你什么，不要把一切想的太过于想当然，你对对方付出了，人家才能回报你，而弱者思维或强盗逻辑加身的人是个不定时的大炸弹，不具备走入婚姻的基本条件，遇到即使止损。说实话，姐姐你是个有智慧的女人，相信你以后婚姻过得也会不错。,谢谢[笑哭]，目前看大方向没错，第一步人和家庭选的还可以，后续婚姻里的一些小细节还需要用心经营,0,0
1151,244877188081,0,1475586,,,懂得都懂，越发达的城市要的彩礼越少，门当户对的更不用说了，彩礼就是走个形式，因为双方家庭条件差不多，也不缺那点现金。这广东男主家里能300W全款买房，找这种思想的女人就是扶贫了，除非女主家里能拿出300W，不然不对等结这个婚干嘛。而现实很多情况就是，如果女方家里有一套房的，会想找一个人家里有两套房的，反正因为自己是女人就想无限向上兼容，别人几代人的努力凭什么给你扶贫呢，我不理解[大笑],2,0
791,243825503568,243390181201,2690511,3546616248142070.0,扫街吧你 还男方小气？男方又没什么错,他大概意思是说男方对自己小气对女方大方，这男人真不错的意思吧。（无责任洗地）,0,0
117,243123817569,243110815681,40547577,10413265.0,听到江西我就[滑稽],这女的估计也不是啥国企带编，撑死了就是公立医院护士或者公立中小学老师，强行算国企。。。。。。。,0,0
741,243259985904,0,20077323,,,千万别降低自己的要求，28.8万彩礼真不多，现在哪个女生结婚彩礼不是三千万，外加一套别墅，豪华游艇，私人飞机,2,1
1082,243244193760,243241778432,610933,677512824.0,有广东的本地人吗？能不能说说你们那边彩礼的真实情况[脱单doge]马上要去广东读研了，本人福建人,便宜,0,0
831,243255495360,243253137648,246974107,388190832.0,"不必这么苛刻，苛刻之下谁都结不了婚了。男方守住底线的情况下，贪图女方的颜值，对于他来说不叫吃亏，各取所取罢了，反正以后过不下去大不了离一次婚，离婚也走正常程序分割婚后财产，谁也不会太亏。
至于说女方确实有种会抛弃男方的样子，但对于男方来说，他也有可能多年以后贪图更年轻漂亮的，毕竟他现在选老婆的标准就是颜值，也没见按照内涵选。",这男的年薪50个，有资格选颜值高的，找更年轻的女大学生更是便宜，至少比这个女的要价低,0,0
120,243260634480,243246317824,266178327,412646149.0,江西的女孩有我们守护[妙啊],自产自销哦[打call],0,0
657,243118395121,0,356608486,,,就是一个月工资两万的，28.8也不是说拿就拿的啊,2,0
1755,243114589681,0,1247964674,,,把自己当商品   这个世界有病,0,0
636,243448862256,243248240416,1675014639,89881503.0,因为是父母那个年代的逻辑，那时候人比较朴实，大家钱都差不多，工资卡上交表示我不会在外面乱搞。可现在就完全是女的控制男的的借口了,那时候是男主外女主内的吧,0,0
370,243246026048,243115624225,3688939,413580.0,你看到的是交情 是未来，但是别人看见的是 你的不能驯服，不能当她的狗，所以别人宁愿得一点利益告辞，觉得自己能还有更好的下家。,以前自认为感情深，只不过是女方家传统。以前付出过都不算，女方回应的少也不算，就是彩礼低了不行。我家早就把她当自己家人了，我家对她绝对比她爸妈对她要好的多。事后我一个表弟都评价娶个祖宗回来。真的是变本加厉的试探底线，我家里是老实不是傻，察觉到女方的真实想法，我想了一上午就决定离了。要是真办了婚礼迟早也会离，那损失起码几十万。,2,0
269,243125930801,243243472832,87907985,203996113.0,婚前全款房：这房和我没关系；婚前贷款房：我结婚是为了来帮你还房贷的？；婚后贷款房：哦对不起说错了，婚前没房到不了这个阶段。理想中的房：婚前男方已有全款房，可以看到男方的实力，然后婚后要男方卖掉婚前的全款房，转而再全款买一套房，这样就是夫妻共同财产了。,理想状态是男生掏空父母买一套房子名字写女方还要做赠予公证，然后结婚后工资还得全部上交[doge],2,1
656,243110887361,0,107265160,,,不是，女的不上班吗？惦记工资卡,2,0
936,243181728369,0,3493083211630890,,,天天保障 保障，男方的保障在哪？做人 这么双标？,2,0
823,243725870256,0,31952930,,,说实话，彩礼给28.8是正常的，工资卡上交那更是必须的，因为男人没有理财能力！姐妹，我建议你继续加码试探，如果不能同意68.8w的彩礼那建议就不谈了。还有，不谈了之后男方的联系方式提供一下，我帮你骂他[生气_金箍][生气_金箍][生气_金箍],2,1
867,243129830881,0,27402162,,,17年结婚，彩礼六万六,0,0
47,245113245536,243346008128,277109233,453022600.0,我这边小区，六十岁女，迪拜王子,👀满离,0,0
1519,243322172880,0,510097839,,,讲真，前对象真给我说过以后在一起了要我一个月拿2000给她爸妈。,0,0
992,244011355456,0,113904832,,,6啊，300%的加成 [吃瓜],0,0
877,243257778272,0,130886306,,,如果你有足够理财能力可以上交，没有，我有理财能力可以不交，但是生活费我必须交,2,0
774,243247735360,243240558608,89881503,7592502.0,想要彩礼高简单啊，我出100w你家陪200w。100w如数奉还咱俩一起分家里的刀乐。 能这样做到啥面子里子我都给你。,你想多了，彩礼和嫁妆都是女方的婚前财产，离婚不参与分割[滑稽],0,0
1220,244538428385,0,470419073,,,当你说出早结一年婚就共产20w的时候，真的想骂你，我觉得你还是在教人相互算计。,0,0
1775,243114038145,0,361697594,,,为啥现在全网都年薪四五十万啊,0,0
5,243436344097,243245637249,2611762,340982179.0,我是不理解，为什么小敏要骂醒这个女人。她要是真学会伪装了，世界上又要多三个不幸的人了……,小敏蔫坏，我也不理解为什么要骂醒，这种女生本质就是那样，狗改不了吃屎,2,0
1004,243716215216,243243843153,417363914,1275084.0,彩礼这东西，按传统来说，如果女方只收钱不给男方钱，那这种行为是男方在纳妾，相当于家里把你卖了作为男士的“物品”的，正宗取来的妻，女方在收了彩礼（聘礼）后，是要给男方东西的，你可以用给的彩礼（聘礼）买礼物，但一定返男方东西。你要谈传统，我就跟你说传统，你要不谈传统，那就别提彩礼,我江西的，证明一下，反你三床棉被是真的,0,0
1532,243557768097,243555619937,36636972,38643551.0,纯二必，图脸可以年年换一个和你结婚干啥[吃瓜]不知道那些女的脑子里面装的啥，好蠢,[吃瓜]你这没看完啊，这不是图脸可以年年换结婚干嘛的问题。这是女方万一想把男方换了，那也得换走之前吃干抹净的问题。而这个换走并没有说到底是三十年才换还是三年就换，反正这笔到手了那就是铁打的婚前财产,0,0
264,244657721216,243126355089,3494354788289440,3111871.0,诺手血怒也就五层，闺蜜对比+弟弟+江西+28+低薪管钱要态度+n=qweqar光速血怒诺克萨斯断头台直接劈[笑哭],eq必中！太细节了。,0,0
1702,243320376768,0,2725400,,,[喜极而泣]这女的就没逼数意识到自己向上高攀了,0,0
1623,244648452896,0,1297493229,,,"荀彧：主公，小两口去互见家长了。

曹操：女的要高价彩礼？

荀彧：是的，女的狮子大开口要28万8.

曹操：嗯？啊（摔碗）！这女的黄金做的还是白银做的？它哪里来的厚脸皮敢要28万8？

荀彧：这女的是江苏的。

曹操：（撤回一碗饭）这就不奇怪了，这就不奇怪了。",0,0
444,243246355601,243251836432,105242356,3688939.0,真想赚钱就是稍微态度好点，以后的收益比这10万多不知道哪里去了。领证之后，她的各种问题变本加厉。纯粹是她自己放弃了，破罐子破摔。所有的行为都没往好方向发展。,对，有些女的就是结婚后就越作越厉害。,0,0
1003,243247788129,243353774416,409549791,35570522.0,为什么现在这些男人工资都这么高？我辛苦打拼多年，月薪才1玩。,别人985本硕 计算机 大厂 正常水平了[笑哭],0,0
1078,243113125745,243241778432,10748073,677512824.0,有广东的本地人吗？能不能说说你们那边彩礼的真实情况[脱单doge]马上要去广东读研了，本人福建人,3.8W 5.8W 8.8W 5W以上都少了.别说8.8W 就谈个意头.但凡多一点就想视频那样 &#34;卖女&#34;,0,0
838,244028801472,243129830881,108179330,27402162.0,17年结婚，彩礼六万六,彩礼就是男人的结婚意识形态税而已,0,0
1588,243801210881,0,347777059,,,这男的分走找个18-22的大学生不香吗,0,0
305,243240606368,0,47146145,,,姐妹！别听UP主的！别说工资卡了，如果男朋友真的爱你，你要天上的月亮都要给你！[doge],2,1
1379,243509855505,0,3546387075566150,,,说的太对了，之前自己也是颜狗，现在不看女生颜值了感觉一切都明白了。但身边确实很多女生希望能做全职太太，我其实不太能理解，哪怕一年10万，至少也是收入，万一男性失业了，也是个保障不是吗。,0,0
314,243136198321,243240513584,176794,789918.0,广州人表示……这个男的她还要不要，这边有一些表妹有兴趣的[doge],广东人找外省的其实挺少的,0,0
150,243307403633,243123817569,2166099,40547577.0,这女的估计也不是啥国企带编，撑死了就是公立医院护士或者公立中小学老师，强行算国企。。。。。。。,有没有饭碗早就说了，没写默认没有。那种说自家女儿在某单位上班，一问是临时工（甚至连临时工都不是）的套路也有不少年了,0,0
1149,245201824288,0,323286810,,,女人相貌有期限有价值上限，别一嘴一个长的漂亮就想着漫天要价。,0,0
1214,244135485809,0,37139059,,,江西,0,0
575,243118169777,243112036929,1398429697,13319271.0,没结婚就想对方以后失业就想跑路的过不好的,真正的让男人死心塌地的妻子：哪怕他被优化了，女性主动挑起大梁，愿意支撑家庭继续前进。有这样的老婆，没有哪个男人会不忠诚，会不愿意拼搏付出的。感谢我有这样的母亲[给心心]。,0,0
51,243247436048,243241493664,89881503,7206205.0,希望这位女士多跟自己闺蜜聊聊，坚守底线，人就活这一次，不要留下遗憾哦,毕竟是睁眼看世界发源地[doge_金箍],0,0
1374,243342599664,0,26234835,,,不能便宜了这帮江西老表,0,0
727,243299230464,0,9013343,,,希望男方可以看到这视频然后再考虑一下[doge_金箍]实在不行兄弟们也不是不可以,2,0
834,243312375936,243241606576,27595514,633537034.0,這種女性我建議自己單一輩子，空有外表內核不穩定之於三觀就有問題，連互相付出的正常人也算不上，未來必定一堆麻煩，至於男方也有問題，只會一味付出，我的評價是一個太不自愛一個太自私，男方由於是付出的那一方有資格改變，至於女方慾望這東西上來了可不會輕易的下降，已經習慣了被討好和高消費的她，未來稍微只要所謂的生活質量下降就能雞飛狗跳，再來點意外保證離婚收場。另外小敏你應該提昇自己對人性的瞭解，而不是用自己的物質觀念和經驗主義來耽誤正常人（會互相付出尊重別人，沒有面對過太大惡意或者被嚴重討好，思想相對純潔的這類人）,985大厂，年薪50，300w全款房父母老家稳定，人中龙凤，不吃香的不喝辣的，给女方花，高智商又节俭，这哥们是真爱她的上头了。男方是真爱大头儿小头爸爸，女方想着做生意。男的没有听朋友劝买车买表，女方还听闺蜜忽悠，这两人差距太大了，男方稳重不注重表面，女方不能自主思考，她是要和她老公过几十年的，不是和20w还有闺蜜过几十年的。别把颜值看的无上限，年薪50年年都能换19岁的养,0,0
1116,243111206065,0,96393689,,,既要，又要，还要呗。[doge],0,0
1167,244517844753,0,3138389,,,哥们还是不够觉醒，放眼看看世界吧,0,0
471,244201592225,244387823968,2066686,3688939.0,同意离婚给了10万,这凭啥给，睡都不给睡老哥你这不纯冤种了,2,0
972,243634301233,0,339789,,,[鼓掌][鼓掌][鼓掌][鼓掌][鼓掌],0,0
654,243236678177,0,258000652,,,前女友就这样分的，聊了半年，什么都聊得很好，突然一天晚上问工资卡以后给她管，我没同意，然后直接断崖分手...确实厉害[辣眼睛],2,0
400,243259690112,243127602849,3688939,2714477.0,那你父母怎么说？你们家跟她们家30年都认识。那你父母算什么，这算是害你了吧！怎么能交往30年的？,父母他们认识的30多年，没直接的利益冲突，没看清人。看清了就不会撮合了。我也是那种不到最后不会放弃的。不可能有结果才放弃。,0,0
512,244621039761,243187057825,28128370,21291282.0,30左右会衰老很快，34岁断崖衰老 好好珍惜这两年 或者攒钱做医美,顺其自然就好啦，把钱留着吃好喝好不好么[微笑],0,0
321,243116903025,243240900112,505435658,362531013.0,这女的要这要那，其实就是不爱她男朋友，因为男方物质条件好、本身优秀，比周围小姐妹的男朋友优秀，所以在多番挑挑选选后，选择了他[doge]，权衡利弊罢了，所以才会现在为了钱和男朋友闹[doge][doge][doge],兄弟们一定要擦亮双眼啊,0,0
20,243384810289,243314396640,732166,22361222.0,邀请我干什么？这人以后没钱付律师费的。,[喜极而泣],0,0
685,243259647409,243247031249,441979182,105242356.0,我老婆也是，结婚后，第一是时间就说工资要不要交给我保管？我说我平时各种开销都要用，我自己拿着就行。,我妹偷偷告诉我  其实女人要找各方面比自己好的  然后最重要的一点来了  听女人的话  那时我就开悟了,0,0
36,243163371697,243154627473,397809154,388983698.0,说到这我就得多说几句了，虽然税后四十多又不上交，就算每年上交三五万，比例也好低毕竟年四十多啊，我替姐妹们想想都觉得生气。我建议找个年薪三五万还愿意上交的，对你绝对百分百纯粹~,哈哈，交过了年几十万收入的男友，你想让她去找年入三五万的，人家压根就已经看不上了[喜极而泣]，就算交上了，事后也一堆逼事，就经常搬出自己前男友收入多少多少，在看看你收入多少多少，跟她前男友相差十万八千里，然后就该说别人不上进了[笑哭],2,0
903,243249690432,0,206836,,,江西是吧[呲牙]，乐子这就来了,2,0
828,243242812224,243241606576,388190832,633537034.0,這種女性我建議自己單一輩子，空有外表內核不穩定之於三觀就有問題，連互相付出的正常人也算不上，未來必定一堆麻煩，至於男方也有問題，只會一味付出，我的評價是一個太不自愛一個太自私，男方由於是付出的那一方有資格改變，至於女方慾望這東西上來了可不會輕易的下降，已經習慣了被討好和高消費的她，未來稍微只要所謂的生活質量下降就能雞飛狗跳，再來點意外保證離婚收場。另外小敏你應該提昇自己對人性的瞭解，而不是用自己的物質觀念和經驗主義來耽誤正常人（會互相付出尊重別人，沒有面對過太大惡意或者被嚴重討好，思想相對純潔的這類人）,男的挺好了，不愿意给高彩礼也不上交工资卡，并没有你说的那么没底线,0,0
1593,243843160208,0,439056233,,,"放过男人吧,后半生和这种人生活我都不敢想有多精彩",2,0
408,243261591904,243260454032,89881503,3688939.0,那是。现在谨慎多了。只不过现在这环境太难了。后面接触的7 8个女的。基本是没结婚意愿，纯被动聊天。问几句回一句，要么就不回。还有加上微信 问候一句，不说话就结束。最厉害的是有人介绍 申请加微信，微信直接没通过。都没开始就结束了。,我以前一同事就是家里条件太差没房没车就20万存款，他家又非要他传宗接代，问题他这条件国内女的几乎不可能看上，人不帅条件差，快40的人勉强存下20万，二婚的都看不上他，开始找有遗传病的了，折腾了一年又后悔，毕竟本来家里就不咋地生个小孩还有遗传病，还不如不生，结果今年放手一搏花了全部存款找了个中介帮他去老挝找了个,0,0
921,243319367136,243123707169,457712,404829268.0,"嗯，保留婚前的财产没问题，婚后收入再分开就有点生分了（当然各留各的账户也没问题，只是情感上有点微微膈应，看个人感受了）。

我和狗子只在婚前一周最后对了下财务资产，拉了个征信，然后就没有再过问过各自的婚前财产，各自房子股份什么的也没改名。婚后日常消费都刷信用卡，每个月还完卡后每人留个几k应急现金，剩下的收入统统都扔到共有资金池里，一个月一统计收支进项。我俩都没什么偏财运，买什么股票基金就赔什么，索性都放利率高点的小银行存定期，无所谓用谁的账户，存够小50w就换另一家接着存。落得心静。[脱单doge]",彩礼难得家里不要就计划自己全拿，还要工资上交你觉得这跟你说的共同账户有啥关系[辣眼睛],0,0
538,243505116688,243248842608,331254314,421706916.0,"我们家现在我都给我女朋友管钱，毕竟两家都认识，而且我们谈了五六年，和她谈恋爱之前我一分钱都存不下来（学生时期每个月3000基本上全用光）。
我是个花钱相当大手大脚的人。。。基本上有多少用多少，她比较节省，平时出去玩都是她嫌消费太高然后不愿意。
这种情况我觉得我就乐意把钱给她，除非是投资，不然我也不想过问，生活上的开销管起来太麻烦了。",自己的钱自己管，有困难量力而为的帮，父母坑孩子的都大把，还女朋友有 你别觉的56年你就能看清一个人，有的人你到死都看不清，你看到的只是人家想让你看到的人设,2,0
759,243315476400,243265017360,6191049,2983535.0,这女的坏就坏在把自己年纪拖大了，人家一开始就说了，就八万八，愿意就谈，不愿意就走啊，拖了一年现在又后悔了，年纪又大了一岁现在更被动了。男方早就说了不买老婆，而女方要是那种传统的人，默认婚后会承担更多的育儿任务，过年过节去男方家，那就应该找一个认可这些付出的人，婚姻哪有十全十美的，只有合不合适,这男的的收入就意味着工作一定压力大或者比较辛苦呀，肯定婚后要女方多给家庭做投入的,0,0
1063,243375238416,0,3546595308079320,,,彩礼本质是有产阶层男方支付女方父母培养女方成本的费用。是男方家庭付给女方家长的一次性买断的“赡养费”，因为女性在“嫁人”后就会成为“男方家的人”，所以才有了这样的“公平交易”，以促成家庭这个最小的经济单元的诞生，从而维持社会再生产。嫁妆本质是女方父母因为亲情提供女方自身养老应急的费用。无产阶级画虎不成反类猫~ 婚姻本质是构建繁衍下一代的基础共同体。财产都是共同体附带属性。构建失败解体造成的损失也必然由构建方承担。,1,0
1200,244655591777,0,319101068,,,你悄悄地把日子过好，然后在姐妹面前哭穷，不比在那攀比爽多了？[doge],0,0
246,244856201921,243194531057,3546646698788970,489023089.0,工资为啥要上交 求科普,相当于服从性训练吧，一点一点训练，今天能训练上交工资卡，明天就能训练去跟爹妈拿钱。就像我看的很多连续剧，一开始可能只是t肚脐，然后就可以t脚趾，再下来就是嗦脚趾，然后再下来就是圣水，再然后还有py.........之后还有很长一段路。说到底就是完全控制。,2,0
1128,243183825265,0,9425696,,,看弹幕，想找年薪50W体制内的，体制内年薪50W知道什么级别吗，正厅级，坐上正厅级的年龄都得50往上了，找你是当小三不是当老婆。,0,0
785,243226407825,243305442656,424727186,330252042.0,估计是想加名,我不太理解加名这个……我是女方但是我觉得房子挺贵的，说加就加不太可能人也不是傻子，但是我要求居住权，不能赶我走（如果出现了我会直接提分手），因为毕竟家庭居住那种三四居室的房子放哪个城市我觉得少了一个月三千四千下不来，给住已经相当于每年给省四五万的钱了，然后未来养孩子至少男方得出吃穿用度➕教育4/5的大头我才能接受…，所以我觉得这个男方已经不错了啊，看着也是个有责任心的，又有房给住没贷款，现在虽然小气也愿意给女方花钱，工资也高，即使后面再差，开始不愿意给女方花钱，但估计也不是那种不愿意养孩子，要拿女方钱来养孩子的那种没责任心的人。女方完全可以自己攒下自己的工资留着自己花，有啥不满意啊，和自己一个人生活的艰辛程度不知道少了多少,0,0
490,243542433088,243150963873,286284628,427971082.0,300w，那可是全款呀。流动资金几百万，妥妥小富翁[灵魂出窍],就是啊[笑哭]我未来姐夫要是这么牛，我姐我爸妈要是敢这么多唧唧歪歪我就要开骂了[笑哭],0,0
155,244017506576,243111165585,64992136,107871961.0,哈哈，我在软件上相亲，我看到江西的都屏蔽了。,同哈哈,0,0
962,244922210865,0,283730977,,,别犹豫直接分吧！给下一个好人留点机会[吃瓜][吃瓜][吃瓜][吃瓜][吃瓜],2,0
854,243358340592,243335005424,330252042,385473117.0,"本人江西男生33岁，税前百万也在大厂。家庭条件和这个广东男生差不多，身高172，觉得28.8万真的不多。这个女生外在条件很好，年龄也不大，觉得完全有资格提要求。
      我现在都找不到这种年轻，外在条件也好的女生。给我介绍的都是31,32岁的，28、29的女生都接触不到~常驻深圳",如果是真的，我觉得你只是没找到方法,0,0
1312,244654464896,0,26009225,,,村姑嫌彩礼少干嘛不嫁同村的？杭州没彩礼，有也是同价位陪嫁，结不起可以不结。,0,0
626,243268941761,243260236209,258000652,105242356.0,谁都想要最好的，问题是她们能找到这样的男人吗？长得帅，有钱的，有几个不花心的？也不看看她们自己是什么样，,可能真的会有一个萝卜一个坑吧，哈哈哈，不过我真伺候不起，让愿意的人接盘吧,0,0
686,243259746929,243247494593,441979182,409549791.0,真正单纯的女生 只会全心全意爱你，才不会心里那么多心思，[嗑瓜子],女人口中的安全感其实是为了后续更好的拿捏男人  让男人入局了也无处呻吟  现在想想细思极恐,0,0
1566,243122541073,0,22834466,,,说真的，管钱可以，只要能自己证明理财能力当然可以，但如果证明不了或者没这个能力嘛呵呵呵,0,0
570,243248842608,0,421706916,,,"我们家现在我都给我女朋友管钱，毕竟两家都认识，而且我们谈了五六年，和她谈恋爱之前我一分钱都存不下来（学生时期每个月3000基本上全用光）。
我是个花钱相当大手大脚的人。。。基本上有多少用多少，她比较节省，平时出去玩都是她嫌消费太高然后不愿意。
这种情况我觉得我就乐意把钱给她，除非是投资，不然我也不想过问，生活上的开销管起来太麻烦了。",1,0
1688,243245142112,0,1572992833,,,一年共产的钱就是身边小姐妹十年能管的了[脱单doge]自己没反应过来吧这女生,0,0
18,244796036096,243436344097,355144,2611762.0,小敏蔫坏，我也不理解为什么要骂醒，这种女生本质就是那样，狗改不了吃屎,"这事儿得看谁是你的客户你要服务于谁,因为这女的是她的客户她肯定站在这女的的角度维护她的最大利益.我敢肯定如果这个事情的男主来找她咨询,很可能就是劝分了",0,0
128,243141354001,243246317824,5465567,412646149.0,江西的女孩有我们守护[妙啊],[大哭],0,0
1347,244650382736,244181112625,40327425,321562896.0,当她有这样的想法时，两个人就注定不合适了，彩礼只是一个导火线，就算成了，往后的问题会更多[藏狐][藏狐],"嗯·她要彩礼是对的~！但是她贪得无厌是无解的~！
彩礼跟她没关系··彩礼是儿子孝顺父母的钱·！岳父母也是父母~！
她明显是想乱轮了~！她想当她对象的母亲~！管着对方··这不是搞笑吗？？[笑哭]",0,0
1280,243240804929,0,475701991,,,怎么办？那还不分手？留着过年？,0,0
1744,244662608640,243256127137,366302504,3493256874691070.0,"说到底，你还是把婚姻当成一种不平等的交易，男方父母出资买房，没问题，给彩礼，没问题，我不要对方上交工资还一副我很大度是一种恩赐的嘴脸。
我的钱都是我自己的，“以后”会给孩子，对，以后。
这就是中国女性，呵呵，太独立了。
不过你这样想无所谓，要是男的也跟着捧臭脚那就该看看脑子了。",庆幸吧，这已经是不可多得的好女人好妻子了，遇到了是可以过一辈子的,0,0
928,243246739328,243114857873,1786698351,15285555.0,你这个前提，其实就已经框掉了很大一部分人，那其实就是条件要求,但是我自己是这样，我才提这样的要求的。毕竟结婚这种东西，还真是要两个人价值观合得来,0,0
981,243804936705,0,8174684,,,分手必须分手，必须找一个钱全部给你，一分钱都不会花的男人。,2,1
1740,243256127137,243119486673,3493256874691070,209459495.0,弱者才总想要保障吧，我老公婚前的房子我也觉得跟我没关系，但我想的是以后我俩奋斗奋斗可以买套更大的，这套房子可以让公婆去住，毕竟他俩掏的钱，用心装修的，环境也不错。彩礼给多少我自己也不在意，我自己婚前存款挺多的，彩礼差不多就行。彩礼嫁妆以后有需要肯定会拿出来，我的那些存款，以后基本上肯定也会给孩子。所以我从来没想过要我老公给啥保障，但他倒是主动上交工资卡，不过他收入比我少一些，不过真心过日子倒也无所谓了，他也不用我贴补他。,"说到底，你还是把婚姻当成一种不平等的交易，男方父母出资买房，没问题，给彩礼，没问题，我不要对方上交工资还一副我很大度是一种恩赐的嘴脸。
我的钱都是我自己的，“以后”会给孩子，对，以后。
这就是中国女性，呵呵，太独立了。
不过你这样想无所谓，要是男的也跟着捧臭脚那就该看看脑子了。",2,0
191,243283158704,243149231937,610933,24629484.0,问题陪嫁不一样啊  福建这最差也是返大头啊  更有的是加倍或者超级加倍返还的[doge],你懂个屁 福建也是三倍  空调被羽绒被大棉被 全部包起来晚上哭的时候声音传不出去,0,0
1140,244987900209,0,342556182,,,一说有弟弟就懂了  后面就没必要再说了,0,0
993,243432148448,0,399552135,,,我父母结婚的时候是我妈那边陪嫁一套房子。我爸就付了酒席的钱。还要给彩礼？伸金了,2,0
1731,243160736177,243260879904,209459495,409294041.0,是不是嫁妆和彩礼差不多？,彩礼比嫁妆多一点，我额外还有一辆不值钱的小宝马，不过前几天卖掉了[笑哭]，家里俩车这个显得多余又鸡肋还烧钱，就卖了,0,0
1473,243327910080,0,1735230,,,当然是要分手啦！这种男人怎么能要的呢！,1,0
607,243140423009,243111347809,6257550,521030667.0,小敏，别走龙飞的老路[呆],一个讲怎么结婚 一个讲怎么离婚 能一样,0,0
181,243116746225,243111309201,505435658,794283.0,江西妹大多都是钻钱眼里的，找你就是为了创业，让江西男人守护江西女人就好了，老哥们一定要注意财产安全啊,江西男生都不找江西女生，去外省找的很多的,2,0
302,243412100128,0,131840426,,,解释一下什么叫工资“上”交？,0,0
497,243218176913,243114197537,25771459,500107089.0,小姐妹绝对不能妥协，你看我们村那个50岁的大妈，后面就被一个中东酋长看上了，管上了几十个小目标的基金，珠玉在前，必须硬钢！[呲牙],来大a有点姿色给你管几十个小目标也不是问题，毕竟基金经理就是条狗都一样[doge],0,0
1508,243247731633,243329902240,105242356,1588547.0,没有彩礼离婚了怎么办，一点保障一点安全感都没有。,那就分婚后财产啊，,0,0
1520,243161059569,0,27763,,,夫妻生活不是最注重感情的 而是人情世故,0,0
1478,243276502096,0,325016739,,,现在的女生对男人的要求比以前高了不少，唉,0,0
1456,243280459328,0,37262429,,,建议分，膈应就分，自己开心最重要,0,0
518,243261609216,243248842608,313963435,421706916.0,"我们家现在我都给我女朋友管钱，毕竟两家都认识，而且我们谈了五六年，和她谈恋爱之前我一分钱都存不下来（学生时期每个月3000基本上全用光）。
我是个花钱相当大手大脚的人。。。基本上有多少用多少，她比较节省，平时出去玩都是她嫌消费太高然后不愿意。
这种情况我觉得我就乐意把钱给她，除非是投资，不然我也不想过问，生活上的开销管起来太麻烦了。",确实，现在自己管钱完全不够[笑哭],0,0
1760,244354200369,0,1180234683,,,看评论区高潮的，你猜为什么红娘喜欢“站男方”？那肯定跟ta自己的某种利益有关啊,0,0
1070,243117036545,0,525177750,,,一切财产均为我现在和未来的保障，至于怎么用不到对象说话的份儿[doge][doge],0,0
477,243119733729,243243654240,8098492,1356746.0,作为婚前财产存到自己卡里作为保障可以理解的话，男方的保障谁给呢？而且是要保障什么呢？怕被家暴吗？,结婚保证能分走男方财产,0,0
158,244297279617,243246317824,323692674,412646149.0,江西的女孩有我们守护[妙啊],666，还是不是好同志啊,0,0
1244,243730155761,0,7298751,,,为啥都还没结婚就为离婚做打算了,0,0
1196,243831811824,0,18044441,,,分了吧 我有个妹妹年芳20,0,0
17,244719018800,243376396848,10820147,349971425.0,"江西：攻击力+100%
弟弟：移速+100%
闺蜜：攻速+100%",可笑，江西：泉水   打我啊,0,0
1073,243120205841,0,374389868,,,就是什么都想要，不然自己就是吃亏了。,0,0
1747,243244529104,0,34237833,,,我的江西我做主[吃瓜]这种男人留着过年吗[保卫萝卜_问号]分手!,0,0
547,243407707616,243200553297,96498407,343491188.0,小敏可以追一下后续吗，看见冤种大哥我就高兴[滑稽],应该也不是怨种，女的收入也不错，而且漂亮,0,0
659,243110631409,243110498017,130263663,86596362.0,彩礼:不给多就是丢脸[doge],"好不容易钓个金龟婿，要这要那，领不清呀！[doge]
是我什么都不要，只要工资卡，还要主动半年报备一次家庭收支情况，",0,0
1444,243289069409,0,1285319756,,,为什么不能各管各的？你怕我出轨，我也怕你绿我啊，我消费高，你消费也不低啊！为什么一定要给对方管钱？一个人没了经济，那和奴隶有什么区别呢？,2,0
1020,243309318320,0,84194939,,,没事，等她跟你离婚直接分走一半财产就不自卑了。,0,0
1479,243444958832,0,94257507,,,这种的我真的劝分不劝和 女孩子一定会找一个条件更好的 犹豫了证明心里已经有了答案 加油 坚持自己,0,0
960,243248362465,243272987232,409549791,286375576.0,28就老女人会不会不太合适，现在24左右毕业，工作两年以后准备开始谈婚论嫁的话都26了。,28岁不是老女人？,0,0
1668,243455018624,0,2133142627,,,我的建议是早点分了，男方这条件别说28的，他真下得去手，18的都能找来,2,0
284,243252965233,243127607905,487545458,4663556.0,女生就是想吧男生对他的感情全部兑现出来呀。,那问题来了，对男生的爱兑现出来有多少？[doge_金箍],0,0
798,243349634384,243322290784,700548105,633537034.0,清楚的說明了認知高和認知低的人的下場唯一的問題就是你的信息那裏知道的，這也是上面覺得你作的原因，當然我想了一下是你長時間吸收的訊息，所以具體是怎樣的呢,没懂你在说什么[OK],0,0
1463,243253222929,0,103501196,,,分手吧，广东彩礼给到8.8已经是最高规格了，只能说江西的体制内值得88.8，所以放过广东吧，去找江西男生守护吧,0,0
226,243453449089,243136225857,3493104308980490,204985773.0,所以从小广东父母就不建议孩子和外省结婚，当然广西海南老表除外,我妹98，嫁去重庆，彩礼150块，为啥说这个是彩礼呢，因为这150多块是当初那男的来看我妈买的东西，后面直接领证啥也没办，从此之后真就说说话钱没给过，我妈的意思是只要我小妹过得还行就好，是她自己选的，到现在我都还觉得这男的恶心，我广西应该够穷的吧，至少要给女方办酒席，给人家2-3W的钱，因为男方家里都默认女方家人养大成人也不容易，有多有少至少要给一点意思意思。,1,0
27,243333833313,243436389536,242660751,6959505.0,串的还行，再练练就完美了,哈哈哈，明者自知,0,0
1571,243840644464,0,164475903,,,遇见江西人就赶紧跑吧，多一事不如少一事。,0,0
438,243361211760,243244593680,329895721,3688939.0,我就是遇到了这种。啥新房 装修 车子 车位 婚庆相关支出都是男方付了。女方基本没啥付出。嫌弃我家当时只剩8万的彩礼。女方父母举例朋友家女儿结婚要收18w 28万彩礼，意思是自己家应该也要有。后面因为其他事件领证3个月还没办婚礼分了，没发生关系。闹到法院调解的时候，开口就是要10万块的离婚补偿。其实这10万 20万对于我家也就3个月能赚回来。真想不通女方为了这点钱翻脸。拿后半辈子的生活无忧换这10万块。,领证3个月了还没发生关系？谈恋爱的时候没有发生关系就已经不正常了,0,0
1725,244057913617,244236769920,31043792,40161613.0,怎么到处这种？我老家江西九江的，一般10万，那些30万，甚至更高的张口就来的，如果造谣，或者博流量的抹黑的，我祝你………[笑],十万？十万是不算钱，但是张口要十万真觉得唐,2,0
1389,243690936992,243691042672,25920911,25920911.0,buff拉满了，我只能说条件高不是你的错，不愿意给你是这个男的错，再找吧，不要降低标准,我有这条件，到了25以前遇不到爱情我就会彻底物化女性，谈感情伤钱不去直接谈钱,0,0
230,243214974161,243194531057,49598783,489023089.0,工资为啥要上交 求科普,你可以交个试试,2,0
38,243346008128,243251016864,453022600,430193334.0,分手啊，再花几年时间找个愿意多给彩礼的，愿意上交工资卡的，不用怕，一定会找到的，也就过几年时间罢了，为了目标一切都是值得的,我这边小区，六十岁女，迪拜王子,2,1
750,243982855297,243246840864,299737198,456804032.0,？彩礼是给她自己存的，又不是给父母，关弟弟什么事啊,说是这么说，到时候弟弟娶老婆也要将近三十万，对于一个一般的家庭，这么大一笔钱你猜是哪来的,0,0
1046,243388252400,243372823904,182113900,230393628.0,老婆管钱啊？也看哪一种管吧…中午饭17块我都要临时让同事垫一下的时候，我绝望了[微笑],你别自己累死了  老婆拿着钱去找别人了啊,0,0
1399,243425622080,0,7597742,,,放心大胆做自己！,0,0
470,244387823968,244200852689,3688939,2066686.0,最后给了多少,同意离婚给了10万,0,0
1505,243204767361,0,431412895,,,广东8.8W 可以了[妙啊][OK],0,0
1743,243691762497,243675578400,209459495,175025119.0,你太强大了，一般人达不到你这种水平。,强大真的达不到，就是不习惯去依赖别人，独立惯了,0,0
688,243260583889,243260369217,441979182,105242356.0,就是想捞好处嘛，,哈哈累 可能要单一辈子了,0,0
1634,243673834929,0,14669297,,,感谢这样的女人，放过这个傻男人。[歪嘴],0,0
640,243246349776,0,494874115,,,希望談崩,2,0
1523,243221049105,0,404913791,,,一定要坚持自己目标，一定得找个愿意的人[滑稽]，不要祸害平常人了，[doge_金箍],2,1
1219,243641208528,0,2007084132,,,婚前就为钱吵婚后必不得安宁！,0,0
1159,244834771409,0,407980695,,,各位放心 江西女孩就由我们江西男孩来守护吧 祝大家都娶不到江西的 [doge][doge],0,0
1416,243382079361,243335634465,130382,1793603893.0,天天都是彩礼 彩礼。。知不知道还有个词叫 嫁妆啊？[脱单doge],"没啥用.按照穆权法.彩礼是赠与,嫁妆是女方婚前财产.说实话,怎么都不会经男方手的.",0,0
1472,243358745696,0,254078204,,,像这种情况，早点结婚。早点生孩子，300W的全款房，税前40-50W，还怕没钱花。,0,0
1301,243594593953,0,1519958,,,有的现代女性真的自私自利到了极点…挺可悲的,0,0
1616,244888884385,0,453665855,,,什么垃圾玩意，莫挨老子,0,0
801,243359277328,243350805632,700548105,633537034.0,上面的人說你這個是臨時作出來的故事,这是我亲姐和亲姑姑，写故事还用编吗？私底下都会聊天啊，这有啥必要编的？,0,0
161,244805206896,243246317824,434571914,412646149.0,江西的女孩有我们守护[妙啊],害怕[脱单doge],0,0
957,243324210912,243272987232,246974107,286375576.0,28就老女人会不会不太合适，现在24左右毕业，工作两年以后准备开始谈婚论嫁的话都26了。,大专21毕业，本科22岁，24岁毕业只有留级过或者高三复读生,0,0
1187,244457315217,0,369399486,,,姐妹！别听UP主的！别说工资卡了，如果男朋友真的爱你，你要天上的月亮都要给你！[doge],2,1
822,243140006001,0,434636853,,,"人家全款房，你还想加名，岂不是暴露了就是想靠离婚分房子的目的？？[微笑]
       这房子本身就跟你没关系啊，你认真对待感情不分手不就行了？又不是不给你住[藏狐]，那你如果都想着要离婚分家产了，别人为啥要吃这个亏？？",2,0
1496,243122843009,0,6580395,,,[大笑]分了吧，我来我广州本地。,0,0
878,243155907537,0,16704269,,,要我上交工资的，一律拉黑[doge],2,0
914,243486642880,243339022737,379047542,19460697.0,别听这八婆乱讲，这男人就一渣男，收入50个都不愿意花30个娶你，还不交工资，那不是他想出轨就出轨，想包二奶就包二奶，男人不能有钱，有钱就变坏，等你人老色衰了就抛弃你，找别的女人快活去了，女人还是要对自己好点，给自己留后路，不要轻信男人的一面之词，男人没一个好东西，等你嫁过去了当免费保姆，怀孕的时候他还要出去快活，就应该让男人给彩礼交工资,就是就是,0,0
153,243782462896,243246317824,8802242,412646149.0,江西的女孩有我们守护[妙啊],靠你了，hxd,0,0
1628,244955781665,0,391783087,,,归根结底一句话，我赚的钱为什么要给你呢？没手没脚吗,2,0
510,244317513457,244509634112,21291282,3493257162000810.0,。。。你可以说她通过各种医美手段维持状态不错，说她像25。就太过了，,好吧 那就35,0,0
1136,243413544000,0,266933312,,,广东彩礼真的不高，我老家3万封顶。我姐结婚给了5w，姐夫老家有房，有车，东莞虎门那边一套房100多平。开工厂的。有些女的，老是盯着彩礼真的很傻。男方家庭条件好，还会在乎你那点彩礼？非要拿自己出来称斤，只会让显得你很物质。,2,0
1251,243497985344,0,20177644,,,没条件找歪果妞，能歪还是歪吧。,0,0
1700,243305918593,0,1839594,,,推给我干什么？这人以后离婚没钱付律师费的。,0,0
104,243113667361,243113219217,10413265,44479665.0,应激啦[脱单doge],我自己就是女生，我家房车我家出的。有啥可应激的,1,0
1447,244641195824,0,33253425,,,我杭州拆迁，房产多套，国庆节去湖北村里，彩礼10万，然后最后天，差点回不了杭州，艹，关键那女的35了,0,0
1445,243199374833,0,270285974,,,这个男生赶紧把这个女生变短择吧，不能要[辣眼睛],0,0
587,243439026368,243240524721,10026411,2378196.0,日本梅毒太严重了，有点恐怖,没事，大部分人现在找的也不知道是几手货,0,0
1569,243113201137,0,49506977,,,怎么办？让你男友睁眼看世界啊老表[呲牙],0,0
1144,245064579136,0,3446935,,,千万别交往，姐妹你值得更好的。,0,0
54,243252730352,243241493664,89399804,7206205.0,希望这位女士多跟自己闺蜜聊聊，坚守底线，人就活这一次，不要留下遗憾哦,同意,0,0
152,243589795520,243246317824,86573727,412646149.0,江西的女孩有我们守护[妙啊],太伟大了兄弟[嗑瓜子],0,0
404,243261094000,243260454032,89881503,3688939.0,那是。现在谨慎多了。只不过现在这环境太难了。后面接触的7 8个女的。基本是没结婚意愿，纯被动聊天。问几句回一句，要么就不回。还有加上微信 问候一句，不说话就结束。最厉害的是有人介绍 申请加微信，微信直接没通过。都没开始就结束了。,青梅竹马还这样没救了，早润早好，千万别心软被缠上。如果你非要结婚的话推荐找国外的，睁眼看世界，条件好找日俄差就东南亚，结婚大概有5年新手保护，5年还搞不定那没办法了,0,0
1720,243242048656,243240482336,270787020,105427147.0,我馋小敏怎么办[doge][doge],后！面！排！队！,0,0
208,244880545841,244879098961,1738716996,504078791.0,我密码60个彩礼？？？？牛批,各地都有高彩礼，但是这东西没意义，就事论事，只要不抬杠说江西高彩礼我是没意见，我们这小县城基本也是二三十万，给不给就是看女方家长老了想不想要男方赡养下了，反正不可兼得[藏狐][藏狐],1,0
1677,243921527569,0,3546648668015280,,,太对了[吃瓜]还有些人说女性被剥削了冠姓权，但我姓的我奶奶的姓，那些说女性没贯姓权的可以思考一下为什么我奶有贯姓权你没有[吃瓜],0,0
1123,243241268976,0,1990780206,,,简单去隔壁轩语，已经好几例这种情况分手的[doge],0,0
1554,243259496608,0,20077323,,,扶弟魔,0,0
9,243700501825,243376396848,550275459,349971425.0,"江西：攻击力+100%
弟弟：移速+100%
闺蜜：攻速+100%",彩礼：暴击！,2,0
1015,244053813840,0,399940106,,,姐妹肯定能找更好的，坚持做自己,2,1
1724,244517734545,244354200369,3138389,1180234683.0,看评论区高潮的，你猜为什么红娘喜欢“站男方”？那肯定跟ta自己的某种利益有关啊,吃男性情感红利的女博主罢了,0,0
1061,243684213216,0,285423829,,,赶紧分，别再霍霍那个老哥了,0,0
453,243250346049,243248420305,105242356,67782399.0,你这也是没有选对人，觉得老公做什么都是应该的,还有过了坐月子那段时间，她就经常带着孩子回娘家住的，说在我家无聊，不开心。我和我妈给她好吃好喝的，饭菜基本端到她面前给她吃，邻居都说了，你们可真有耐心。,0,0
254,243136257777,243126355089,275311981,3111871.0,诺手血怒也就五层，闺蜜对比+弟弟+江西+28+低薪管钱要态度+n=qweqar光速血怒诺克萨斯断头台直接劈[笑哭],劈完又能重置技能，全劈了,0,0
1328,243226747569,0,343258666,,,既要又要还要,0,0
897,243145526273,0,410056098,,,女的攀比心很重，比就比优点啊，如男友收入高对自己好这些啊，侧重点的就不对，凡事见好就收，不要太过了,2,0
1540,243119671361,0,10883850,,,彩礼不能少，给陪嫁，但是都得自己存着当婚前财产[doge_金箍][doge_金箍][doge_金箍],0,0
881,245142800432,0,34774915,,,税前50的男的找这样的？,2,0
1672,243280737521,243253227105,105242356,587381.0,我这边之前还3万就最高，硬是被这些玩彩礼的拔到8万8,广西也是，之前听说邻居的儿子去相亲，对方说要8万8的彩礼，以前都是1-2万！,0,0
624,243254781681,243247263009,258000652,105242356.0,所以不要指望跟女人有什么感情，说白了还是钱好用，钱能解决百分之99的问题。没钱就一刀切了。,是这样的，但是现在女生的择偶标准有一大部分都是，要长得帅、有钱然后钱还得归她管，你就负责在外面挣钱就行了。。。,0,0
346,243210039329,243169002529,452067983,949284.0,大家不要听这个媚楠UP瞎说，我身边一个姐姐40多岁了，一直不将就，前段时间嫁给迪拜王子了，彩礼好几百万（,指正一下，迪拜王子给的是us刀乐,0,0
1643,243563444608,0,3493272829823620,,,当代某些女性为了钱脸都不要了，建议组团拉缅甸去[吃瓜],0,0
263,244011617216,243126355089,113904832,3111871.0,诺手血怒也就五层，闺蜜对比+弟弟+江西+28+低薪管钱要态度+n=qweqar光速血怒诺克萨斯断头台直接劈[笑哭],诺手大杀特杀了[doge_金箍],0,0
1322,243182198081,0,3493276592114470,,,自己存上留个保障，离婚的保障。,0,0
1440,243286087873,0,252037157,,,她不想过一辈子啊？她想得是怎么把这男的撺掇出轨，然后抓现行，机会分财产啊？怎么会是过一辈子呢？所以房子和她没关系啊，不要彩礼不是血亏？[吃瓜],2,0
151,243362831249,243246317824,26662367,412646149.0,江西的女孩有我们守护[妙啊],好朋友，靠你了,0,0
473,243389567361,243171272977,322401592,1755394680.0,这种女人要不得，格局小，娶回去家庭未来就那样了，家庭越来越好除了男人，女人也占一半因素。,这女的教育出来的孩子 不见得会有多大出息,0,0
641,243339187680,0,1693946140,,,希望这位女士多跟自己闺蜜聊聊，坚守底线，人就活这一次，不要留下遗憾哦,2,1
1758,243111048305,0,27490454,,,张嘴就是要,0,0
1669,243982241569,0,299737198,,,好窒息，步步都是算计，好像男的和她在一起是占了她便宜一样，总要想着从哪里找补回来。不是双向奔赴的婚姻都利益至上。,0,0
551,243985898752,243200553297,239742628,343491188.0,小敏可以追一下后续吗，看见冤种大哥我就高兴[滑稽],这个要支持下，也很想看看这个女的这次回老家能加上多少buff,0,0
929,243119624881,243246739328,15285555,1786698351.0,但是我自己是这样，我才提这样的要求的。毕竟结婚这种东西，还真是要两个人价值观合得来,那我也赞同你的观点，只是事实上我已经到了对爱情提不起兴趣的年纪了[笑哭],0,0
489,243331559520,243150963873,261208038,427971082.0,300w，那可是全款呀。流动资金几百万，妥妥小富翁[灵魂出窍],老家父母绝对不简单 300w 自己赚短期内攒不到那么多,0,0
1606,244219428177,0,378172863,,,真能算计这女的要她干啥😡,0,0
1172,244831878641,0,53256497,,,担心这哥们结了没,0,0
147,243404856960,243134563601,38031821,189114775.0,你自己守护，过阵子我润去浙江了，兄弟保重,小心点，浙江的江西女孩不少。江西的好多都喜欢去浙江发展。,0,0
1733,243160907041,243151219633,209459495,519252.0,这种女人早就被人娶走了，上不了相亲节目[吃瓜],也没那么绝对[笑哭]，我各方面都很好，但以前有点不开窍，牡丹到31才遇到我老公，他把我从小世界里拉出来的，然后我才发现我还挺会谈恋爱的。,0,0
403,243260454032,243129310737,3688939,340584572.0,没事的，虽然被暴击了，但还是要坚持自己的人生观。照和自己相三观相符的。别为难自己，这可是大事。,那是。现在谨慎多了。只不过现在这环境太难了。后面接触的7 8个女的。基本是没结婚意愿，纯被动聊天。问几句回一句，要么就不回。还有加上微信 问候一句，不说话就结束。最厉害的是有人介绍 申请加微信，微信直接没通过。都没开始就结束了。,0,0
955,243256170336,243117565025,246974107,116518178.0,一个图财，一个好色，天生一对，锁死，不要流入市场,这男的50万年薪找颜值高的很正常啊？他有这个实力，人家广州全款300万房子，什么实力？人家男的有实力找个更年轻更漂亮懂事的，一个28岁的老女人能有多高颜值？能比的过那些18岁的女大学生嫩？他这个收入，每个月换一个都错错有余,2,0
1664,243320515537,0,523190070,,,希望赶紧分，不要被这样的女生祸害了，找一个更好的[生气_金箍],0,0
660,243114902289,243110498017,15717777,86596362.0,彩礼:不给多就是丢脸[doge],你这思维确实太理性了,0,0
1373,243721967248,0,3782849,,,多大点事儿，你多给点嫁妆，然后婚后把工资卡上交男人不就解决了么？要是不愿意这方对方身上又凭什么？,1,0
464,243497612400,243377775488,329895721,3688939.0,触动太大了。基本生活无忧，贷款都还掉了，以后只要不彻底躺平都是好日子。这种条件都离了。性格在婚恋里是最重要的东西。,恭喜！,0,0
1350,243332108033,0,702569052,,,本人男，如果有女人对我好年薪50，我可以不要彩礼[脱单doge],0,0
187,243250091808,243117606769,345151306,2857773.0,[偷笑][偷笑][偷笑]这我不得好好安慰一下，以后一定会娶到青梅竹马的,别啊哥，我没有青梅竹马[大哭][大哭]，,0,0
1148,244871370225,0,118905374,,,我姑父国企老总，年薪300个，我姑年薪5个，结婚没几年就不工作了，我姑非要管钱，结果就是拿钱去炒股 没几年全赔进去了，我姑父也就是重感情没跟我姑离婚，不然我姑早就要饭去了[微笑],0,0
1225,244586564608,0,17192748,,,女方有弟弟，女方想掌管家里所有的钱，是正常男性都会迟疑顾虑吧。,0,0
609,243176636081,243111347809,27590388,521030667.0,小敏，别走龙飞的老路[呆],知己知彼，百战不殆,0,0
144,243380667824,243110815681,314414639,10413265.0,听到江西我就[滑稽],你小心江西圣女来找你[吃瓜],0,0
752,243353126320,243348907840,134433836,1412876515.0,"一个普通家庭的年轻男士，收入5000多也算可以了吧。
如果愿意一上来就给女方接近30万，而且以后所有钱上交，只保留一点零花钱，女方挣得还不如自己多。
女方还未必能提供情绪价值和家务。
我就想问了，这个S13，就那么缺女人吗
？留着30万，每月5000多，零花钱，就真的比每天有个女人一起睡guo'de觉更差吗？",只能说还是玩（piao）少了，多玩几个那一个算个p啊[doge_金箍],0,0
982,244642753408,244570995104,3546649261509420,675452331.0,合肥这边一般5万以下，大部分1888、2888、3888,太好了，合肥专项公务员冲了,0,0
198,243384265856,243233715569,610933,24629484.0,[doge]这我咋不懂了  我就是福建的啊,我也是福建的 我这边就是这样 附近也是这样,0,0
884,243335005424,0,385473117,,,"本人江西男生33岁，税前百万也在大厂。家庭条件和这个广东男生差不多，身高172，觉得28.8万真的不多。这个女生外在条件很好，年龄也不大，觉得完全有资格提要求。
      我现在都找不到这种年轻，外在条件也好的女生。给我介绍的都是31,32岁的，28、29的女生都接触不到~常驻深圳",0,0
280,244441802257,243259643808,86415563,388273011.0,格局小了不是！只是给她？难道她的弟弟不需要吗？还有她的父母不需要吗？就这么说，女方家里的土狗啃骨头硌掉牙了，男方都有责任给镶个金的！[doge_金箍],哈哈哈哈哈哈哈哈哈哈哈哈哈哈哈哈,0,0
294,243110815681,0,10413265,,,听到江西我就[滑稽],2,0
1617,243268794512,0,677914901,,,你不用钱砸死我 就不爱我！[吃瓜][吃瓜],0,0
401,243129310737,243257456832,340584572,3688939.0,主要是人生观被暴击了。生活无忧，能给我个10万，都不知道能提升多少生活品质了。她们家的欲望跟无底洞一样。,没事的，虽然被暴击了，但还是要坚持自己的人生观。照和自己相三观相符的。别为难自己，这可是大事。,0,0
123,243134563601,243246317824,189114775,412646149.0,江西的女孩有我们守护[妙啊],你自己守护，过阵子我润去浙江了，兄弟保重,0,0
1208,244615585057,0,700807075,,,工资卡上交是伪命题，凭什么上交？女人是男人的上级吗？男人的尊严何在？况且当下大环境，现实的女人多的去了，一旦男方落魄了，女方大概率就离婚卷款跑路，根本不想有难同当，男方人财两空，这种风险太大。,2,0
203,243510130160,243111309201,514138033,794283.0,江西妹大多都是钻钱眼里的，找你就是为了创业，让江西男人守护江西女人就好了，老哥们一定要注意财产安全啊,现在不是以前了风气不好。福建大部分地区还是会返大头或者翻倍。但是有小部分卖女儿。我老家就有一个卖女儿的。街坊邻居都会聊。看不起卖女儿的。,2,0
1464,244206470016,0,40909509,,,这就是为啥那么多人觉得黄眉说得对的原因[呲牙],0,0
836,243826816960,243312375936,2690511,27595514.0,985大厂，年薪50，300w全款房父母老家稳定，人中龙凤，不吃香的不喝辣的，给女方花，高智商又节俭，这哥们是真爱她的上头了。男方是真爱大头儿小头爸爸，女方想着做生意。男的没有听朋友劝买车买表，女方还听闺蜜忽悠，这两人差距太大了，男方稳重不注重表面，女方不能自主思考，她是要和她老公过几十年的，不是和20w还有闺蜜过几十年的。别把颜值看的无上限，年薪50年年都能换19岁的养,确实。这男的真的是优质男生，要不是真喜欢估计散了算吧。个人感觉现在那位男生开始对那位咨询的女性有意见了，裂痕已经埋下了，心里应该有刺有警惕了。,0,0
247,245097334432,243194531057,27988877,489023089.0,工资为啥要上交 求科普,她都觉得她是上了，还需要啥科普的,2,0
1441,243279032913,0,280672056,,,我姐姐嫁人彩礼也就收了三万八。给的嫁妆共计一万八。要求有没有这么高。,0,0
1683,244373805984,0,354457635,,,我讨厌一切让我麻烦的事情比如结婚比如生孩子,0,0
1667,244553188480,0,212625,,,"[妙啊]既然是管钱。怎么说也是理财，至少钱交给女方不说钱生钱。本金至少得保住吧。然而现在更多的情况是，钱给女方管了，真要急用钱比如父母生病了了问女方要，一分没有，还反过来说你爸妈没退休金吗？

[妙啊]真的，现在想到这些破事我当初宁可把这些钱放股市里烂完也不会给老婆管。",0,0
1154,245102856608,0,63086108,,,现在广东人都有一个共识，不娶外省人，尤其是江西的，尽量以广东省内，或者广西海南湖南都行，就是不要广东省文化辐射之外的北佬，毕竟彩礼要价太高又容易自己跑路,0,0
1428,243335634465,0,1793603893,,,天天都是彩礼 彩礼。。知不知道还有个词叫 嫁妆啊？[脱单doge],0,0
385,243253779664,243252948240,388190832,3688939.0,对呀，最适合她的人反而是她看不上的。真要是那种高富帅 幽默风趣的人和她接触，看到她经常摆脸色也不会继续。,那姑娘估计挺漂亮的，追求的人多，一直受男生捧着，脾气自然大，觉得都是应该的。分了也好，这样不情不愿的过不好日子，分了算自己的福气，以后找个真心实意两厢情愿的不好么。,0,0
1560,243840392288,0,427053527,,,分手，必须分手,0,0
855,243359064848,243335005424,330252042,385473117.0,"本人江西男生33岁，税前百万也在大厂。家庭条件和这个广东男生差不多，身高172，觉得28.8万真的不多。这个女生外在条件很好，年龄也不大，觉得完全有资格提要求。
      我现在都找不到这种年轻，外在条件也好的女生。给我介绍的都是31,32岁的，28、29的女生都接触不到~常驻深圳",注册几个相亲软件，买个vip，一年1000多，把你的条件写上，疯狂加好友。多线联系，我不信找不到对象,0,0
220,243173627393,243156708161,204985773,352348465.0,为啥除外呀？,因为文化上一衣带水,0,0
642,243247268064,0,94815926,,,"小敏，劝你还是少接触视频里这类女人，免得害了自己。
从一个男人的角度来考虑，我是不可能和这种女人结婚的。中国的社会风气都是被这些捞女败坏了风气，说实话，我并不认为，这种女人适合走进婚姻，迟早也是要分的。
很多骨子里的东西是很难改变的，多的就不说了。
兄弟们，中俄联姻搞起[呲牙]",2,0
2,243250520321,243245637249,59450179,340982179.0,我是不理解，为什么小敏要骂醒这个女人。她要是真学会伪装了，世界上又要多三个不幸的人了……,[笑哭],0,0
113,243121001985,243110815681,3463397,10413265.0,听到江西我就[滑稽],"我就
哦↑哦↑哦↑哦↘️哦→哦↗️
空恨别梦久[doge]",0,0
699,243254936640,243121544993,246974107,1784812593.0,这个男的好色啊，他愿意为了颜值买单，就像有的人愿意往游戏里库库充648一样[doge],说实话这男的年薪50个，每月都可以换女大学生，还颜值，有大把颜值比她高的，一个月4万收入什么年轻漂亮的找不到，更别说家里还这么有实力,0,0
1694,243316179760,243298508304,22361222,315832312.0,动不动就江西女江西女，你们接触过吗？或者你们真正谈过吗？谈过好的吗？物以类聚，人以群分，自己三观不行找的就是跟自己三观类似的。靠着网上的几个负面案例形成刻板印象，一杆子打翻一船人，小学生都不这么干了，真够无知愚蠢的。,你不是你急什么？学钢管舞是想提价还是纯麦？[吃瓜],0,0
952,244838473953,245056162960,384318073,392057839.0,本人对博主没有意见只是说一下自己的想法，一个做女性情感咨询的博主，半小时299，有30万粉丝，可见现在女性的价值观扭曲是普遍现象，本人年龄28也相亲过很多次，最大的感受就是所谓的现代女性即没有上世纪女性的道德感、羞耻感和过日子的心态也严重与社会主义核心价值观不符，自己条件不行（本人十八线小县城家庭情况在小县城比上不足比下有余）很多比我条件差很多的女生都敢提很多及其离谱的要求，我真是服了。但是她们对自己缺没有任何要去，还要求婚后不洗衣服不做饭，我感觉现在三观正常的女生真的是不多，也不知道是不是我的错觉。但我又想不明白一点，是什么支撑的现代女性的精神让她们如此平庸切自信，我身边的男性朋友普遍能认识到自己的缺点，但是我身边的女性（女性朋友、同事）整天迷之自信，我真是受够了。,兄弟，三观正常的女的很多也轮不到相亲，现在高中甚至初中都开始谈恋爱了[笑哭],0,0
1553,243319852081,0,266540184,,,分手啊，再花几年时间找个愿意多给彩礼的，愿意上交工资卡的，不用怕，一定会找到的，也就过几年时间罢了，为了目标一切都是值得的,2,1
1411,244652378465,244463718193,105242356,15155861.0,今天刚被女朋友说了预计彩礼20w（不包含三金等杂项），对于我们这种乡镇的单职工家庭来说感觉没什么未来了,太猛了，好在我是广西的，结婚还能少要点彩礼。,0,0
1410,243933191313,0,1077377894,,,織女案例和織女up,0,0
1535,243529006528,243528796384,435406829,435406829.0,有什么圈子就有什么人。看女生对方姐妹就知道了女生啥人,特别是长得好看还眼高手低的�[黑眼圈_金箍],0,0
1292,243765071744,0,378400240,,,我工资也不上交，每月给些，彩礼在她那，首饰份子钱在我这。没套房没车。[微笑],0,0
1603,243912696016,0,3546739258689620,,,[哦呼]求求放过男生找个广东本地还爱他的吧！,0,0
442,243377775488,243377324224,3688939,329895721.0,大兄弟太惨了,触动太大了。基本生活无忧，贷款都还掉了，以后只要不彻底躺平都是好日子。这种条件都离了。性格在婚恋里是最重要的东西。,0,0
1522,243194512433,0,251048850,,,分手啊，再花几年时间找个愿意多给彩礼的，愿意上交工资卡的，不用怕，一定会找到的，也就过几年时间罢了，为了目标一切都是值得的,2,0
1137,243147453217,0,494578076,,,50年薪就敢找这种只有脸女生，他是怎么挣50的,0,0
1257,243677974449,0,423894278,,,其实这种啊，就是现在碗里这个感觉还不满足，认为应该还有更好的选。,0,0
1652,243824180704,0,3546692108421340,,,坚决分手啊这种，这不分干嘛啊,0,0
1398,244205414033,0,48569492,,,"我一直存的评论
中年大叔给各位小年轻的忠告，吝啬点。不管是对自己还是对他人。谈感情可以，一旦谈钱必须警觉，坚决。正常人不要不以结婚为目的谈恋爱，谈半年到一年不打算见家长讨论结婚立马分手，不要犹豫。谈钱，超过1000坚决拒绝。结婚以后必须各管各的钱，可以有公共账户。但是不要让自己窘迫。结婚10年，孩子上小学，看情况开放自己财务状况。最后说一句，对另一半的警惕不是不爱，而是防止事情变坏。[OK]",0,0
664,243136578641,243111879953,204985773,69850964.0,分手，广东彩礼超过10万会被认为老婆是买回来的，男方没面子的。有钱就买多点三金，三金可以多，彩礼不可能。,女方更加没面子，女方父母得给别人笑死,0,0
1627,244059274785,0,397079981,,,"哈哈哈哈，女的数学差到爆！总担心年薪百万的人失业了，怎么办？
就好比担心，巴菲特，他这次大跌亏了900亿，他该怎么办？马云，他投资失败，2008年亏了 4亿，怎么办？

脑子呢？能赚大钱的人的能力，是尔等能理解的？要真能理解，你自己也会收入很高的",0,0
1258,243566132352,0,35296416,,,"假如给女方管，就需要给女方定KPI,每年10%的目标，完不成就不能给她管。（逃",0,0
1574,243138116961,0,3493087986845750,,,这视频看得人丁寒[冷],0,0
318,244160787681,243190656817,408286086,14800193.0,我妹妹种26了没谈过恋爱。正需要[doge],大舅哥！,0,0
649,243251116128,0,3591940,,,不要犹豫，坚持，你值得更好的[滑稽],2,1
1436,243144306273,0,4821369,,,我们江西确实厉害👍🏻👍🏻👍🏻👍🏻,0,0
1481,243154826417,0,388983698,,,虽然税后四十多又不上交，就算每年上交三五万，那也绝对是敷衍，上交比例好低毕竟年四十多啊，这绝对不是纯粹的喜欢，因为连坚定的选择都做不到，我替姐妹们想想都觉得生气。我建议找个年薪三五万还愿意上交的，对你绝对百分百纯粹，百分百坚定选择~,0,0
710,244746126016,244704995360,505249721,40327425.0,"你们没有独生子女，我们可有。
传统社会不要嘲笑前现代社会[生气_金箍]",现代个屁，独生子女和社会阶段从来都不挂钩，别隔着一厢情愿的理解了，独生之女只是我国的人口问题解决方案的产物，生育意愿下降这种还能勉强算是社会适龄人群受教育水平提高的社会阶段,0,0
1383,243688706337,0,28675388,,,哈哈哈，家里不要彩礼，老公强行按他们那边最高的彩礼给，老公给工资卡，不想管拒绝了，只管花钱多省事，还有人合伙养娃多好,0,0
1283,243396498800,0,39296226,,,这女的找个江西男人过呗，是找不到吗？[doge_金箍],0,0
973,244339683825,0,30579498,,,不给就不给啵，反思一下自己是不是有什么过错，得罪男朋友了[doge],2,0
628,243272652545,243270185025,258000652,105242356.0,这种人也只能短处，长期一样会暴露的,哈哈是的，还非常着急想见父母，其实我就是想多处处，看看彼此到底怎么样，说好半年后见，结果半年都坚持不到，就谈崩了......,0,0
633,243319543344,243243162848,500132915,38309203.0,就不能自己钱自己管嘛，结婚就想着离婚分家产，又要彩礼要工资卡，最好人家婚前房再加你名字，那男人就没安全感了，万一是女的出轨提出离婚呢。[doge],其实吧，男的不放心这个，要是放心的话不在意的[笑哭],0,0
1307,243226485425,0,21658395,,,分手 必须分手,2,0
1401,243139897521,0,3493120559810890,,,告诉你们彩礼直能10万超过不娶这女人，超过10万天价彩礼违法行为。    很多明星钱工资上交钱都给女人 ，没过几年女人吧自己老公花的一份不剩，起诉离婚还没钱男人冤不冤 ， 以后男人钱不能上交工资给女人 ，成龙都说只要你上交工资就让请倾荡产,2,0
1409,243268171008,0,1024013203,,,8万8不少了,0,0
1249,244334971328,0,351947006,,,[无悔华夏_点赞],0,0
1729,243151219633,243119486673,519252,209459495.0,弱者才总想要保障吧，我老公婚前的房子我也觉得跟我没关系，但我想的是以后我俩奋斗奋斗可以买套更大的，这套房子可以让公婆去住，毕竟他俩掏的钱，用心装修的，环境也不错。彩礼给多少我自己也不在意，我自己婚前存款挺多的，彩礼差不多就行。彩礼嫁妆以后有需要肯定会拿出来，我的那些存款，以后基本上肯定也会给孩子。所以我从来没想过要我老公给啥保障，但他倒是主动上交工资卡，不过他收入比我少一些，不过真心过日子倒也无所谓了，他也不用我贴补他。,这种女人早就被人娶走了，上不了相亲节目[吃瓜],0,0
1255,244118645057,0,499469686,,,这男方条件已经相当优渥了,0,0
1498,243267523008,0,351028445,,,四川彩礼比较少 但认识的大多数家庭都是女主人管钱,0,0
1372,243306469392,0,171935637,,,集帅这都不跑？,0,0
1531,243555619937,243496009473,38643551,36636972.0,"往恶的角度盲猜一手嗷，三种情况
1.人家图的是我这个人，万一我年纪大不好看或者以外毁容了，他看不上我了，我没有保障了咋办
2.万一我年纪上去了依然还好看，但是他满足不了我，我要找了个小白脸。结果事情败露了，我没有保障了咋办
3.万一我们两啥问题都没，结果他非工伤英年早逝了我也年纪上去找不来二婚了，我没有保障了咋办
总结：我要一笔他给的，从今往后他从我生命中完全消失，我依然可以保持现在这种生活不下去的钱，作为保障",纯二必，图脸可以年年换一个和你结婚干啥[吃瓜]不知道那些女的脑子里面装的啥，好蠢,2,0
1355,243292894848,0,1516403,,,又是江西，快闪,0,0
1704,243336686096,0,500398903,,,就别惯着，这样的渣男赶紧分了吧，下一个必定更好[星星眼],0,0
1682,243254906113,0,328921483,,,吸血鬼啊,0,0
1639,243114025105,0,72976586,,,离婚,0,0
796,243271174960,243136277057,700548105,204985773.0,好看，再写5块钱的[黑眼圈_金箍],？,0,0
646,243405324832,0,27868003,,,满屏的彩礼、保障、态度、上交、添名，看了一夜，横竖睡不着。半夜爬起来点亮灯，用放大镜才从字里行间看出写得密密麻麻两个小字：“吃人”[doge_金箍],2,0
1013,243353774416,0,35570522,,,为什么现在这些男人工资都这么高？我辛苦打拼多年，月薪才1玩。,0,0
557,243134346001,0,44288088,,,up主在危言耸听，姐妹们千万不要听信，我家隔壁村的老太太单身一辈子都在等真爱，死了都十几年了，那天路过一个仙帝，一眼就看出了与老太太有缘，随手一挥就击碎了时光长河，逆乱了万古时空。将老太太真灵复活，给她直接灌顶到仙王大圆满，还随了好几十件极品帝器当彩礼，现在他们家是有名的大势力了，夫妻也恩爱，听说明年就要诞下一对身带至尊骨和重瞳的仙二代了[doge],2,1
682,243247031249,243237411169,105242356,441979182.0,工资和家庭都比女朋友好  一直以为自己找的女朋友还是比较单纯的  我跟她谈了一年多谈结婚时 她一直拖着  直到有一天她说工资卡来上交  我终于懂了  是我给她脸了  最后我们分手了  我有点庆幸  因为我感觉她像空手套白狼一样  也明白女人是隐藏最深的  如果一个女生跟你好 并不是真的喜欢  她们是没有爱情的  百分之99,我老婆也是，结婚后，第一是时间就说工资要不要交给我保管？我说我平时各种开销都要用，我自己拿着就行。,0,0
578,244398121888,243246349776,100473415,494874115.0,希望談崩,对岸有彩礼吗？,0,0
1110,243112404641,0,474306192,,,我发现越是落后的地方越贵,0,0
1267,243350801841,0,20549656,,,我前妻也是，自己存着，个人财产,0,0
1184,245136590608,0,12107101,,,男方28岁这条件，不出去再浪几年，打算老老实实跟同龄的女方结婚，说明是真的爱她，可惜女方不识趣,2,0
525,243316600096,243248842608,291066644,421706916.0,"我们家现在我都给我女朋友管钱，毕竟两家都认识，而且我们谈了五六年，和她谈恋爱之前我一分钱都存不下来（学生时期每个月3000基本上全用光）。
我是个花钱相当大手大脚的人。。。基本上有多少用多少，她比较节省，平时出去玩都是她嫌消费太高然后不愿意。
这种情况我觉得我就乐意把钱给她，除非是投资，不然我也不想过问，生活上的开销管起来太麻烦了。",看起来女生适合过日子，不过这颜应该[doge_金箍],0,0
1060,243248616337,0,6573284,,,"1. 江西
2. 有弟弟
3. 家里人比较开明，这笔钱肯定能带回来
4. 跟身边姐妹一对比
————
综上可得，不管这妹子多好看吧，可能都多多少少",0,0
541,243635487200,243479397377,421706916,7910754.0,那是钱少，钱多你试试，我不是说你女朋友不好。。男人女人思维不一样，要用最好的最有效的方法，不是你最用情的方法，你用情对彼此也有可能是错方式,"问题在于你有那么多钱吗。。。钱多少算多，我爸前两年每年时候也有100-200W的收入，家里钱也是我妈在管。
对于绝大部分中国家庭来说，根本没那么多钱需要管的，最后就是谁适合管钱谁管。我这个性格，你莫说我没多少钱，我就是有100W或者1000W，花完也不是很难，你除非给我小目标以上的资产。
当然，不是说对方管钱你一分钱就没有了，这还是不一样的，我说的不算是工资卡上交，更多的是管理开支。",0,0
1195,244356589681,0,35761463,,,[doge_金箍]啊~~江西啊，那没事了。,0,0
749,243285163936,243246840864,34171415,456804032.0,？彩礼是给她自己存的，又不是给父母，关弟弟什么事啊,抛开彩礼不谈，结婚之后多多少少要扶弟的，折磨的很,0,0
1642,243955087329,0,652044165,,,能遇到这种螃蟹女，算那个男生倒霉,0,0
1432,243177757025,0,59996565,,,江西果然“人杰地灵”[doge],0,0
485,243127819729,243255075072,2576590,28071622.0,有条件找个外国女友,额。。。我觉得大学生挺好的，我找的都是20岁的,0,0
96,245084646784,243124150865,356823915,183939472.0,姐妹，这种男人一定不能交往，我有个同学的姐姐37岁，身高150体重160，终于在去年找到了属于自己的真爱，市属国企分公司总经理，28岁，身高180，颜值8分，年收入50万，现在结婚了，彩礼给了66.8万，工资到手就上交，家务还全包,是的是的，我邻居家的姐姐也是，中间忘了，最后嫁给沙特王子了[doge],2,1
1021,243325909408,0,72529202,,,能在广州全款买房28岁的靓仔[喜极而泣]，找个广东的靓女不好吗[笑哭]，非要给自己加难度[大笑],0,0
564,243123910305,0,14641689,,,广州 8.8 顶天咯，嫌少？那你回江西找冤大头吧[三星堆],2,0
1265,244073133984,0,8173718,,,这种男的还用找外省的啊，广东妹好多都想嫁啦,0,0
743,243246840864,243245039200,456804032,34171415.0,江西女，带弟弟，丸辣！,？彩礼是给她自己存的，又不是给父母，关弟弟什么事啊,0,0
864,244879612833,243390806192,504078791,385473117.0,在大厂相对较高级别，工资+分红+年终奖，税前百万是正常收入，不用觉得奇怪。,说实话我都怀疑你是不是口嗨年薪百万哈哈哈哈,0,0
1600,243632648529,0,296118087,,,在你还在算账看划不划算的时候，我觉得一旦结婚需要来回算计计较得失的时候，这婚不结也罢。说个难听点的拿着这笔钱我一周嫖2次娼都比你划算,0,0
1486,244184268769,243940296896,8098492,404133207.0,有个问题啊，我比我女朋友赚的多很多，女朋友还想结婚后我上交工资卡，怎样才能既不上交工资卡，也让她开心接受呢？,换个女,0,0
892,243983071409,243121799233,299737198,423809953.0,原来一年50万的人，脑子也有不行的,这雄厚的实力，找个年轻乖巧懂事的多好[doge],2,0
1579,243255843360,243124972129,246974107,40547577.0,这女方的条件除了身高确实一无是处，肯定不是什么国企带编，撑死了就是公立医院护士或者公立中小学老师，硬说自己是国企。。。。。[笑哭],165也不算很高，和男的172没啥区别，都是平均水平的升高,0,0
1039,243248143569,243359505248,409549791,677512824.0,本科生，双非一本，男，净身高173，体重150斤，福州市区两套小面积房产（都是80平方左右），父母都是医生，自己家开诊所的，父母年收入应该加起来有30w左右，这个条件怎么样呀[脸红][脸红]我今年考研没考上，在家二战[大哭][大哭]01年的，从小到大都没交过女朋友，身边好多同学都有女朋友了，真的好焦虑[脸红][脸红],找份工作干着 老老实实 减肥 ，相亲 ，找个自己喜欢的,0,0
207,244879098961,243115798449,504078791,1738716996.0,福建也挺离谱，江西房价整体对比福建还是低的，那边彩礼要58.8呢，江西重点在长期扶贫，福建大头房子➕婚礼[藏狐][藏狐],我密码60个彩礼？？？？牛批,2,0
393,243257456832,243125624497,3688939,340584572.0,抱抱吧，加油，不要因为别人的错误伤害了自己。,主要是人生观被暴击了。生活无忧，能给我个10万，都不知道能提升多少生活品质了。她们家的欲望跟无底洞一样。,0,0
795,243136277057,243265158432,204985773,700548105.0,我不想吐槽这个妹子，我就说我亲姐吧，我们家三个，我大姐和我姐夫高一开始同桌，我姐夫追她两年，每天早餐晚餐，节日送礼物，那会07年，我姐夫家爸妈都是体制内，他从小就是不缺钱的太子爷，到现在36了，没有碰到过坎坷，喜欢我姐喜欢的要死，我姐那会洋气漂亮，170，大学四年，我姐乌鲁木齐，我姐夫武汉，毕业后又是几年异地，姐夫属于自己兼职，零花，都花给我姐和我还有我二姐了，本来都谈婚论嫁了，然后闹分手，这是最严重的一次，我和我爸妈都轮番劝我大姐，我姐本来也是觉得自己年轻漂亮，不缺人追，等等，心态有点得瑟吧，后来也是听劝，后来2013结婚了，没有要1分彩礼，还把自己攒的钱赔嫁十万买了一个十五万的车。我爸妈还去香港给我姐夫送了一万多的表，我姐夫也不像一般的蠢男人，觉得白来的不珍惜，相反，他付出了很多，我姐婆婆一开始也是有点防着我姐，几套房子什么的都不加我姐名字，有时候还要数落一下我姐和我家人，我家里那会家道中落，我父母回了湖南，各种也帮不上忙，就靠我姐自己努力➕隐忍➕聪明➕好好过日子经营自己的生活和家庭，几年以后，公婆对她都刮目相看，因为我姐特别会过日子，我姐夫啥也不管，我姐就管钱，然后投资买房，收租金，然后买商铺，收租。全家的采买，送礼，人情，孩子的教育各种费用学校，包括全家去了旅行攻略省钱啥的都是她一手包办，有人会说很累，但是她也擅长，乐在其中，现在，她公婆都退休了，一个月20000多退休金，一个星期五天都是她们带孩子，就一个孩子，她和我姐夫不要太爽，房子，车子，铺子，存款都给我姐，都加她名字，还有好多细节就不说了，我想表达的是这就是聪明的女人，好好过日子的女人，抓大放小，不要因小失大，现在的日子过得简直不要太滋润，虽然没有特别大富大贵，但是在新疆，就是小康中产，从不为钱头痛。好多女孩子学着点吧，别什么都不想付出，还什么都想要，好好过日子才是王道，我一个姑姑就是反面教材，90年代嫁给香港人去了深圳定居，买了房，买了车，几百万的现金存款，然后没想着好好工作提升自己，天天过夜店，出轨找男朋友，被人盯上了，然后带她溜冰，然后破产离婚被扫地出门，回了湖南乡下，现在不到五十癌症等死,好看，再写5块钱的[黑眼圈_金箍],0,0
871,243142848081,0,6229484,,,这女的真的唱的很漂亮。不然广东忍真的不会找江西妹,0,0
398,243258821392,243127602849,3688939,2714477.0,那你父母怎么说？你们家跟她们家30年都认识。那你父母算什么，这算是害你了吧！怎么能交往30年的？,没这层30年的关系，早分了。,0,0
767,243259007776,243128458241,74226331,372818179.0,38.8拿得出来，但是我情愿当成买老婆，付了钱就永远别和家里联系,想多了，到时候什么弟弟啊，丈母娘啊，岳父啊。过年过节啊，这不花个成千上万,0,0
1632,244766808577,0,2451862,,,这种人 不分留着过年吗？,0,0
1242,244242713952,0,129758612,,,江西的本地消化多好,0,0
1029,243377144848,243375581088,3546595308079320,400929726.0,说的很好，可惜有弟弟,我的意思是彩礼是给岳父岳母的。女儿无权利截留和拿走彩礼。但是女儿有权利申请岳父岳母提供嫁妆支持。正是基于此习惯法。如果短婚未育，才有要求女方娘家部分返还彩礼的法理基础。,0,0
643,243246038257,0,475717057,,,这个女生大概率不会幡然醒悟，就算结婚也会受社会上其他不良因素的影响，心疼这哥们[无语],2,0
1674,243263785745,0,5353991,,,男朋友，又没有结婚就想抢钱啊，绝了。,0,0
613,243221252065,243112972129,483640987,521030667.0,教连线的女观众怎么套男方的钱[呆],真的假的[惊讶],0,0
961,244652502609,244352602865,105242356,78985698.0,一眼假[喜极而泣]，我自己开公司的，也有套300万全款房。别人给我介绍的不是公司老总的妹妹就是什么大领导的女儿这种阶级差不多层次的女孩儿。灰姑娘想嫁给王子是不可能的事儿，穷小子也勾搭不上白富美，童话故事是挺美，但不现实啊。,是的，现在谁有钱的，肯定是找差不多条件的，就像我有几百万的话，我不可能再找一个啥都没有的人啊。,0,0
1572,243329378416,0,110226309,,,哪有什么感情啊，全是利益，害怕[辣眼睛][辣眼睛],0,0
726,243413315088,0,51234015,,,"这种男的不要也罢。姐妹要相信自己的价值，好男人很多，一定不要委屈自己。
一生一次他还不愿意付出所有留退路，你觉得那个退路会是谁？消耗掉的可是你无价的青春啊。",2,1
684,243247494593,243237411169,409549791,441979182.0,工资和家庭都比女朋友好  一直以为自己找的女朋友还是比较单纯的  我跟她谈了一年多谈结婚时 她一直拖着  直到有一天她说工资卡来上交  我终于懂了  是我给她脸了  最后我们分手了  我有点庆幸  因为我感觉她像空手套白狼一样  也明白女人是隐藏最深的  如果一个女生跟你好 并不是真的喜欢  她们是没有爱情的  百分之99,真正单纯的女生 只会全心全意爱你，才不会心里那么多心思，[嗑瓜子],0,0
99,245220009296,245184303072,421391934,4221014.0,扁的啊,漂亮的柿子形,0,0
805,243411389936,243254942945,700548105,27924267.0,少去插手他人因果，每个人的报应都是自找的，你说了这么多又有多少人看得进去？又有多少人想得明白？像up这样把活生生的现实拿出来就不错了，想得明白的算是她自己缘分已到，想不明白的那是她自己的业障未除，念不到位说什么都白搭。,那确实，我发现不要试图改变别人，除非自己想通了，说多了都没用,0,0
1599,243375768784,0,8668946,,,抢银行都没她回报率高,0,0
407,243261502128,243245073616,313963435,3688939.0,2家还是30多年的交情，都交往了5年。2家共同的朋友都没想到女方会开口要10万。,好家伙[喜极而泣],0,0
503,243454189728,243271173617,381287625,21291282.0,不会 明星99.9%都做医美 可以看看伊能静55了跟25一样……,[黑眼圈_金箍]呵呵,0,0
1072,243240431904,0,7592502,,,想要金主价还想要籽油,0,0
1057,243127719217,0,32352888,,,要饭要不到好气呀[doge],0,0
930,243120422945,243241526480,12064678,200677635.0,为什么江西彩礼高的离谱？求赐教 我成都的 我娶我老婆也就是房车三金酒宴备齐  彩礼也就6.6w 四川凉山彝族及其他少数民族那边彩礼也高 几十万 但那边是家家户户都不只一个 女儿嫁出去说难听点除开过年及重要时间节点基本就等同于买 买了之后也不是只进不出了 而是给儿子留着然后拿出去 这个彩礼它虽然高 但从经济来看他是流通的 所以还算合理。但江西是少数民族？请赐教 为什么江西彩礼高的离谱？是江西女下面镶金边？还是豆豆是钻石？,【本来想给江西辟谣的，看到真实数据，我沉默了。-哔哩哔哩】 https://b23.tv/kucJwkY,0,0
780,243465416977,243608631536,434636853,244095042.0,我去，你这么一说，迪拜王子来了也不行啊，毕竟油田是人家全款的，,必须入股石油产业[妙啊][妙啊],0,0
201,243412974864,243111309201,508384719,794283.0,江西妹大多都是钻钱眼里的，找你就是为了创业，让江西男人守护江西女人就好了，老哥们一定要注意财产安全啊,评论区給我看丁寒了..[辣眼睛][藏狐],0,0
135,243316819264,243246317824,291066644,412646149.0,江西的女孩有我们守护[妙啊],6，要说到做到，不然违背诺言[doge_金箍],0,0
1052,243265798785,243402955456,105242356,230393628.0,其实刚结婚的时候我俩收入差不多，我6000她7000，但是第二年她被裁了，我又上去了，变成我9000她3000，她就不乐意了，说我瞧不起她，反正各种闹吧，我也没别的花销，说好一个月给我1500吃饭抽烟，到最后变一个礼拜给一次，又变成三天一次，反正后来她暴雷了，我确实受不了了就离了,对，我也是受不了她的作，她自己平时发脾气回娘家，然后你哄了她回来后，还说我妈给她脸色，我去。明明是她自己一直黑着脸，还倒过来说我们的错。如果是什么严重的事情，你发脾气还说的过去，生活中一点小事都可以闹，我说我没能力伺候你了，你爱怎么样就怎么样。然后又生气，说回娘家。,0,0
41,243391447088,243384859808,276571403,562562511.0,评论区怎么还没有大乘强者。。。很急,这女的一看就是眼里只有自己，而且只往上看，说实话就她找这男朋友，实力在那摆着呢，彩礼低别人一说就说没贷款，挣得又多，脑子拎的清的都抓手里怕跑了，但是她还是不满足，就是她只能看到那些别人有她没的，但是看不到别人羡慕她的，估计她都从没考虑过男方的情况！就这种女的，分了更好！人一定要学会知足，你能碰上这样的男朋友还要整幺蛾子，分了都是活该[吃瓜],2,0
1018,243209156177,0,1063711482,,,欢迎广东佬守护[以闪亮之名_吃瓜][以闪亮之名_吃瓜][以闪亮之名_吃瓜]😄江西老表可算逃过一劫,0,0
231,243229532945,243194531057,1053618550,489023089.0,工资为啥要上交 求科普,工资不用上交可以自己管，本来就是夫妻共同财产,2,0
1515,243214694177,0,49598783,,,我可以带回来，我自己存个卡，作为我的婚前财产！ 这就是所谓的带回来,0,0
379,243250941168,243248453824,3688939,89881503.0,因为你想和她过一辈子而她只想赚快钱捞一笔提升自己，觉得能用这笔启动资金去一线城市找高富帅，没时间和你耗个几年，底层逻辑都不一样自然过不下去。,不可能的，快30年的感情都扛不住。其他人不可能受得住她那态度。情绪稳定的人也不会花那么多时间去打动她。有钱的没感情也不会娶她。而且她家经济条件不好，家里老人还重病，那10万块钱肯定是要补贴家用。 她要想幸福，得找一个她喜欢的，并且有钱 情绪稳定 还能花非常久的时间去打动她的。,0,0
289,243314396640,0,22361222,,,邀请我干什么？这人以后没钱付律师费的。,2,0
419,243146240929,243249644272,19277258,3688939.0,她家那经济条件没什么人会选她。而且她妈亲口说过她前几个交往的就是因为受不了她态度分的。再说拿着10万能干嘛，一个车位钱。有什么大事，10万也解决不了问题。这个世界上没有人比我家对她更好的了。我父母看着她长大，小时候她爸妈打骂她，都是我爸妈过去劝的。,人到了一定年龄，除非这个人自己想改，否则除其以外的任何人（父母、配偶、子女、好友）都不可能让其改变,0,0
392,243257037888,243125129377,3688939,2714477.0,那她父母怎么说，跟你道歉没,问题的根源就是她爸妈。让我家去解决她的心理问题没法治根。解铃还须系铃人。,0,0
593,243242108192,243111347809,509682234,521030667.0,小敏，别走龙飞的老路[呆],龙飞反向学习挺好,0,0
1524,243303173328,0,46075009,,,彩礼和工资卡都是最最最基本的，这都不愿意给，赶紧分手姐妹，快跑。现在外面随便哪个男的还有不上交工资卡和财力的？想想就离谱。,0,0
1163,245116218384,0,21172238,,,结个婚算计房子算计彩礼，你是要嫁这个人还是要嫁给钱？[大笑],0,0
1087,243259521904,243241778432,19504328,677512824.0,有广东的本地人吗？能不能说说你们那边彩礼的真实情况[脱单doge]马上要去广东读研了，本人福建人,"[doge]广东女生看脸比较多，也有不看脸，但是对男人要求高。（情商or财力）
其实其他跟其他城市女生差不多。只要超30未婚只会要求越来越高",0,0
1497,243250332624,0,219364034,,,开头江西两个字，结尾就知道是分手了，江西妹子交给江西汉子来守护，陪嫁的被子买厚点，晚上能盖住哭的声音,0,0
648,243261040608,0,421391934,,,不要听小敏的，我的十婚十孩村花嫁了过去收了彩礼也嫁妆还收了男家全家的家产，后面男家又买了个火星给她度假用，家公又买了月亮给她有空去住一会，宇宙飞船有几架，佣人有几万，每天吃的正餐有几百个菜，为了怕她出轨，给她配了一百个美男闺蜜，身高由一米到十米都有。,2,1
1153,244834673185,0,421177496,,,换个就行。错的又不是自己,0,0
1368,243260609233,243238497873,105242356,33959691.0,好像女方没看上男方这个人吧，所以要这要那当成补偿？,做生意就谈生意，别假装看上了，又要跟人结婚。,0,0
521,243277018608,243248842608,38309203,421706916.0,"我们家现在我都给我女朋友管钱，毕竟两家都认识，而且我们谈了五六年，和她谈恋爱之前我一分钱都存不下来（学生时期每个月3000基本上全用光）。
我是个花钱相当大手大脚的人。。。基本上有多少用多少，她比较节省，平时出去玩都是她嫌消费太高然后不愿意。
这种情况我觉得我就乐意把钱给她，除非是投资，不然我也不想过问，生活上的开销管起来太麻烦了。",女朋友，没领证前就不是夫妻共同财产，你让她管钱，说明信任她，而她也值得你信任，但不是所有人都如你这般幸运的，如果遇人不淑，卷款失踪跑了或者用你的钱干啥事儿，因为不是夫妻，所以连夫妻共同财产都不算，法律上会认定是恋爱支出你自愿赠予的[笑哭],0,0
65,243450171904,243241493664,56398505,7206205.0,希望这位女士多跟自己闺蜜聊聊，坚守底线，人就活这一次，不要留下遗憾哦,说实话，如果男的真好色，这个收入别说找28的，找18的都能找，养一个就行了，真没必要胡思乱想去内耗自己然后反馈给对方。[笑哭],0,0
15,244565007920,244008496817,79105235,340982179.0,我就是好奇，那女的付了多少钱？不知道小敏的道德值多少钱[妙啊],就是个雇佣兵，没啥好说的,0,0
1181,243770538977,0,8129193,,,卖身吗？》,0,0
1065,243261749696,0,11410910,,,这是谈感情吗？张口闭口就是钱，up也是只强调男方能给女方带来多少价值，不谈感情，这样真的会有好结果吗？结婚证给不了婚姻任何保障，爱情才是一段婚姻最好的保鲜剂。,0,0
493,243890477937,243331559520,438919486,261208038.0,老家父母绝对不简单 300w 自己赚短期内攒不到那么多,年薪50，我都不敢想,0,0
380,243251720592,243250941168,3688939,3688939.0,不可能的，快30年的感情都扛不住。其他人不可能受得住她那态度。情绪稳定的人也不会花那么多时间去打动她。有钱的没感情也不会娶她。而且她家经济条件不好，家里老人还重病，那10万块钱肯定是要补贴家用。 她要想幸福，得找一个她喜欢的，并且有钱 情绪稳定 还能花非常久的时间去打动她的。,情绪稳定也不够，我家对她的这种（她犯错 说起来反而像我家犯错一样）当祖宗供的程度都不行。还要加上幽默风趣，她犯错不能直说，能提供不一般的情感价值。,0,0
188,243256578496,243115292513,499975647,2857773.0,[哦呼]没太了解胡建，那边也这么高吗，听同事说结果带的金器要看不到人,泉州农村30，市区50[大哭],0,0
764,243442868608,243265017360,353062222,2983535.0,这女的坏就坏在把自己年纪拖大了，人家一开始就说了，就八万八，愿意就谈，不愿意就走啊，拖了一年现在又后悔了，年纪又大了一岁现在更被动了。男方早就说了不买老婆，而女方要是那种传统的人，默认婚后会承担更多的育儿任务，过年过节去男方家，那就应该找一个认可这些付出的人，婚姻哪有十全十美的，只有合不合适,呵 你是什么品种的糟粕？我的话都读不明白？要彩礼要高了女的就都是坏的？闺蜜鼓吹导致思想变化你就断定人家女人坏？你可真是高啊！别恶心我了好么 江西的彩礼一直是一个恶俗 但是你这种一碰就应激的 还是离我远点 我怕传染,0,0
217,243136225857,243254106848,204985773,281230843.0,这年头只能说这样的女的越来越多，这也是如今结婚率低下的一个原因，这种女性本事不大断光短浅，总觉得自己读过几年书去过哪里旅游就觉得自己贼有本事，人中龙凤。小敏说的好，哪有弱者去管强者的，这么说，你应该去管你老板？？[doge][doge],所以从小广东父母就不建议孩子和外省结婚，当然广西海南老表除外,0,0
792,243835247904,243226407825,1200961130,424727186.0,我不太理解加名这个……我是女方但是我觉得房子挺贵的，说加就加不太可能人也不是傻子，但是我要求居住权，不能赶我走（如果出现了我会直接提分手），因为毕竟家庭居住那种三四居室的房子放哪个城市我觉得少了一个月三千四千下不来，给住已经相当于每年给省四五万的钱了，然后未来养孩子至少男方得出吃穿用度➕教育4/5的大头我才能接受…，所以我觉得这个男方已经不错了啊，看着也是个有责任心的，又有房给住没贷款，现在虽然小气也愿意给女方花钱，工资也高，即使后面再差，开始不愿意给女方花钱，但估计也不是那种不愿意养孩子，要拿女方钱来养孩子的那种没责任心的人。女方完全可以自己攒下自己的工资留着自己花，有啥不满意啊，和自己一个人生活的艰辛程度不知道少了多少,你也是个逆天,0,0
1077,243112922625,243241778432,1866664756,677512824.0,有广东的本地人吗？能不能说说你们那边彩礼的真实情况[脱单doge]马上要去广东读研了，本人福建人,一般三到六不等,0,0
879,243144716497,0,3370196,,,借用范大将军的逻辑，她能管吗，管不了，没这个能力知道吗,2,0
338,243111961281,243110861553,478109058,17546851.0,[tv_发怒]江西女由我们江西男守护,江西女由我们江西男守护[打call],2,1
720,243364265680,243216617089,3210231,22830875.0,up主能不能在网上搜搜照片，按你的颜值标准排个序，什么是小美女，什么是大美女，讨论的基础我们都没有概念,此举有极大概率被举报封号之风险,0,0
296,243135912337,0,1320562,,,这是男的不对了，这么好的江西妹子留给江西老表不就好了,2,1
1017,243243843153,0,1275084,,,彩礼这东西，按传统来说，如果女方只收钱不给男方钱，那这种行为是男方在纳妾，相当于家里把你卖了作为男士的“物品”的，正宗取来的妻，女方在收了彩礼（聘礼）后，是要给男方东西的，你可以用给的彩礼（聘礼）买礼物，但一定返男方东西。你要谈传统，我就跟你说传统，你要不谈传统，那就别提彩礼,2,0
1276,243708910288,0,144995141,,,分手呗,0,0
1487,243201771057,0,7373794,,,对自己大方难道不对吗？我对自己家人和自己都很大方，除了必须的存款，喜欢的东西和提升自己东西，都不吝啬，难道对自己大方还不对了？,0,0
456,243252660817,243388332672,105242356,3688939.0,想清楚她内心想法的那天，真的恶心。已经把她当亲人的爱在她心里只是妥协。,是啊，既然都决定结婚了，肯定是大家都想着组成一个家庭，共同生活了，谁知道别人根本不是这种想法，而且某些女的很容易情绪化。,0,0
1772,243117898225,0,38905782,,,睁眼看世界，那叫敲诈,2,0
816,243758690688,0,5302809,,,年薪50w还可以，嗯，原来现在妹妹的认知已经这样了吗~[妙啊],0,0
270,243166057265,243111480753,105242356,145143263.0,看到视频里面提到那个女的说那个三百万的房子跟她没关系的时候，我没绷住。别人婚前自己全款买的房子，凭什么和你有关系啊，谈了一年也远没有达到能够在金钱方面完全不分彼此的程度吧[捂脸],是的，别人自己花钱买的，凭啥与你有关？你出钱了吗？出力了吗？,0,0
996,243542678256,0,77531705,,,少给彩礼觉得没面子，这是什么逆天言论……,2,0
202,243298358625,243111309201,24629484,794283.0,江西妹大多都是钻钱眼里的，找你就是为了创业，让江西男人守护江西女人就好了，老哥们一定要注意财产安全啊,[笑哭]哇塞 那我只能说如果不是陪嫁的也多那这真的过分了,0,0
162,243128922209,243241697872,444773185,27817704.0,"当你犹豫的那一刻，其实你心里已经有答案了[doge]
而你只是需要大家都要都认同你的答案而已[doge]",这种女人玩短期策略的，玩玩就得了，真有神人大佬买单就等着变小佬吧。她现在都以小博大了，婚后吃了男方工资，不更膨胀找个年薪五百万的，年薪50万的普信老公还是换了吧,0,0
1581,243252600496,243252254080,19905932,549577303.0,他男朋友挣那么多，婚后女的工作补贴自己娘家就行了,男方收入补贴婆家，女方收入补贴娘家[笑哭],0,0
730,243247215665,0,245804193,,,"（可以理解）（无可厚非）男同胞们别被pua了 彩礼嫁妆是共同财产 而且彩礼一分都不能给 工资也得自己拿着
这女的家庭这么多debuff  又是弟弟又是闺蜜又是好面子父母 又是江西的  好好的一个男人为啥要自己跳天坑呢？",2,0
402,243260336976,243256842224,409294041,3688939.0,她妈喜欢女婿是我这种类型的，最后说了句无能为力。他爸 最后一段的接触真是逆天。大男子主义，洁癖，在家没工作。愚孝，借口是在家照顾爷爷奶奶，实际也没多少事。大部分都是她妈做。 领结婚证去她爸说领结婚证不算结婚，办婚礼才算。 等我提离了，就说领结婚证就已经算结婚了。要离婚补偿。一点挽回没试。第二天他爸就请客告诉朋友亲事吹了。她家做过的一些事情有证据都直接不承认了。她爸是看不起我这种老实人，实在没选择了才默认女儿嫁给我。实际上他爸连做过事都不敢承认。她家的问题从没道歉过，开口男方提的离婚要补偿。,父亲没承担，女儿看似是一个非常矛盾又没啥主见的人，一家人活不明白。早点放弃止损是很明智的。,0,0
703,243247346145,243240973632,409549791,13748611.0,所以啊想结婚的，广东的男的，都是找回广东女的吧，怪不得父母都不喜欢子女外嫁外娶，这真有一定道理在，越听小敏越发觉真爱难求。,我外地的 也想找广东女孩子[嗑瓜子],0,0
1502,243940296896,0,404133207,,,有个问题啊，我比我女朋友赚的多很多，女朋友还想结婚后我上交工资卡，怎样才能既不上交工资卡，也让她开心接受呢？,0,0
1130,243808963185,0,282643360,,,杀鸡取卵，卸磨杀驴,0,0
566,243150963873,0,427971082,,,300w，那可是全款呀。流动资金几百万，妥妥小富翁[灵魂出窍],0,0
1414,243613658177,243576685825,3546642902943870,518954480.0,姐妹们，我二婚带个三岁的孩子，跟我前夫离婚就是因为工资不交给我不让我管钱 我要花钱还要找他要 结婚的时候彩礼只给了我12.8w。我嫌他抠就离婚了，现在有个年龄比我大两岁的男生要跟我结婚，双方家里已经商量好了给我21w彩礼。姐妹们如果男的真的喜欢你肯定舍得给彩礼的，一定不要嫁给抠男,这不对啊，数据不对，不应该是21w， 应该是210w,0,0
1022,243199734177,0,9402283,,,[笑哭]男方居然不跑,0,0
1026,243375658976,243375238416,36995111,3546595308079320.0,彩礼本质是有产阶层男方支付女方父母培养女方成本的费用。是男方家庭付给女方家长的一次性买断的“赡养费”，因为女性在“嫁人”后就会成为“男方家的人”，所以才有了这样的“公平交易”，以促成家庭这个最小的经济单元的诞生，从而维持社会再生产。嫁妆本质是女方父母因为亲情提供女方自身养老应急的费用。无产阶级画虎不成反类猫~ 婚姻本质是构建繁衍下一代的基础共同体。财产都是共同体附带属性。构建失败解体造成的损失也必然由构建方承担。,彩礼是社会给予的 兑现多少全凭女性自己本事的空头支票 婚姻不是繁衍下一代的基础 因为现在已经可以非婚生育 它现在只是一种财产关系,0,0
1412,244657659153,244652378465,15155861,105242356.0,太猛了，好在我是广西的，结婚还能少要点彩礼。,20w彩礼放眼整个东北都已经是相当炸裂的了,0,0
1587,244205284720,0,888218,,,会犹豫说明你长得丑没有自信踢了现任还能找到更有钱的,0,0
1105,243314758929,0,14565462,,,感觉只有一万以下的人比较愿意交工资而且都2024年了怎么还有人舔着脸要求别人上缴工资的[吃瓜],0,0
206,244845698305,244845502673,103418565,103418565.0,我就是泉州的，可是我姐姐去年嫁的，就要了5w啊。。。，这边办出门酒和回门宴什么七七八八用了3w，剩下的1w多回门也拿回给我姐姐了。。还是看家庭吧,没有回礼是因为我们家条件确实不算很好，给不起翻倍回礼，所以就说女儿喜欢，嫁过去能对她好点就好了，都不敢找人家要彩礼，怕姐姐嫁过去被人家看不起。。,2,0
35,243291718304,243251016864,28749725,430193334.0,分手啊，再花几年时间找个愿意多给彩礼的，愿意上交工资卡的，不用怕，一定会找到的，也就过几年时间罢了，为了目标一切都是值得的,江西的女生就应该由江西老表来守护，建议那位广东老表还是别踩过界了，江西女她没嫁给你就已经想敲骨吸髓了。,2,1
776,243249592912,243119179201,7592502,38133666.0,你这属于龙飞律师的视频看少了，多去学习一下。彩礼是女方的个人财产，嫁妆也是女的个人财产，跟你男的没关系。我前段时间就经常看龙飞律师的视频，学习了很多现实的法律知识。[doge],我的天哪 我还是看少了,0,0
509,244509634112,243271173617,3493257162000810,21291282.0,不会 明星99.9%都做医美 可以看看伊能静55了跟25一样……,。。。你可以说她通过各种医美手段维持状态不错，说她像25。就太过了，,0,0
1453,243346749552,0,239811701,,,姐妹 听我的  有28万8都不给你走走过场  那就是不爱你  趁年轻漂亮赶紧换一个[doge],2,1
1480,243159951249,0,702320264,,,各位兄弟们不要被什么彩礼虽然多，会带回来给骗了，带回来也是在女的卡上，就算带回来1个亿，你想拿3块钱买瓶可乐，也需要向人家请示的，所以彩礼给出去，基本就跟你没啥关系了,0,0
1746,244927606513,244662608640,3493256874691070,366302504.0,庆幸吧，这已经是不可多得的好女人好妻子了，遇到了是可以过一辈子的,"真的好人就两种，一种愿意为他人付出，一种知道占了便宜懂得感恩。
可惜她都不是。
不付出并且把让对方少付出当成了恩赐，这能是什么好东西？",0,0
1391,243385151825,0,200614852,,,没事，她迟早会分的[妙啊]不用劝，劝不动的,0,0
92,244794992848,243124150865,3003112,183939472.0,姐妹，这种男人一定不能交往，我有个同学的姐姐37岁，身高150体重160，终于在去年找到了属于自己的真爱，市属国企分公司总经理，28岁，身高180，颜值8分，年收入50万，现在结婚了，彩礼给了66.8万，工资到手就上交，家务还全包,你说的是我朋友吧，他们婚礼我去参加了,0,0
1364,244639322544,0,25198026,,,感觉是因为这个平台的受众偏向于这个类型的男性所以这么说，可能在另一个平台说法完全不一样。,0,0
898,243120491425,0,1031827458,,,兄弟们赶紧撤,2,0
565,243243654240,0,1356746,,,作为婚前财产存到自己卡里作为保障可以理解的话，男方的保障谁给呢？而且是要保障什么呢？怕被家暴吗？,2,0
1370,243166357809,0,1730542990,,,互联网大厂优化，所谓找不到工作，是指找不到同等收入的工作，愿意降薪，可太好找了,0,0
777,243265214400,243111544241,489131728,13502595.0,还是那句话，想走卖女儿流程就按卖女儿的来，想自由恋爱就按自由恋爱去谈，什么都想要，美的你了还。还有这种要管钱的，你想要钱就直说，每个月要多少，打给你，你有那脑子管钱吗，想管钱可以呀，投资理财流水打一个出来，我看看多有能耐，是年回报率多少。,人家的管钱指的就是：只接受注资，不提供财报。[偷笑],0,0
242,243541165713,243194531057,184996388,489023089.0,工资为啥要上交 求科普,训狗,0,0
14,244405999952,244008496817,215942742,340982179.0,我就是好奇，那女的付了多少钱？不知道小敏的道德值多少钱[妙啊],按小时收费吧，三五百的,0,0
316,243168986289,243240513584,481571554,789918.0,广州人表示……这个男的她还要不要，这边有一些表妹有兴趣的[doge],有毛病找个外省捞妹,2,0
601,243118121185,243111347809,26373669,521030667.0,小敏，别走龙飞的老路[呆],龙飞教你怎么自己过得好,0,0
388,243125129377,243250362832,2714477,3688939.0,离了之后几个月，有爸妈的朋友说她找个通勤1-2小时的5-6千的工资。 每天9-10点才能回。 她在我家 帮忙工作 每天4小时内工作量的事，经常偷摸玩手机。都没指责过她。能拿8千块。,那她父母怎么说，跟你道歉没,0,0
1298,243361012240,0,390458228,,,税前50 税后40多 年薪50 税只交5%是吧[吃瓜],0,0
167,243453486945,243222016609,3493104308980490,480276081.0,广东本地老哥给8.8w彩礼以上可能会被全镇全村笑一整年[笑哭][笑哭][笑哭],看来广西还是很穷，只要不是什么南宁桂林大城市的，能到8.8的都是人中龙凤,0,0
841,243589864816,243366987072,456954237,192583629.0,"假如：
第一，彩礼和嫁妆归女方个人名下。
第二，女方收入没男方高。
第三，女方要求婚后管钱。
第四，女方选择在男方低谷期（待业期间）选择分手。
请问各位看官怎么看？？？
应该如果看待这段感情呢？",[妙啊],0,0
21,243379542752,243242589569,10124532,242660751.0,底线这次被男朋友打破了，就会次次被打破，甚至连反驳的勇气也会没有了，希望这位女士坚守住底线吧，你是为自己而活的！,支持支持，大力支持,2,1
647,243115848385,0,475225451,,,坚持自己梦想，不要放弃，否则害人害己。,2,1
1510,243248888801,243322172880,409549791,510097839.0,讲真，前对象真给我说过以后在一起了要我一个月拿2000给她爸妈。,还好变成了前对象 ，,0,0
1155,245067486960,0,440514542,,,江西人均30起跳吗？,0,0
1530,243274599632,0,1682915711,,,咋就只考虑自己呢？你想着自己的保障，别人也需要保障呀，你赢赢赢，最后的结果就是对方输急眼了把桌子掀了,0,0
832,243255785472,243255495360,388190832,246974107.0,这男的年薪50个，有资格选颜值高的，找更年轻的女大学生更是便宜，至少比这个女的要价低,说不定女方就是男方最喜欢的那款啊，要不然也不会决定结婚。你觉得要价低的那些，都入不了他的眼，再说他个子低了点儿，估计选择也不是很多。,0,0
1268,243971459761,0,53371494,,,我老婆没要彩礼，比我赚得多，也不问我要钱，她比我能花，指望她，攒不住的,0,0
1592,243252254080,0,549577303,,,他男朋友挣那么多，婚后女的工作补贴自己娘家就行了,0,0
563,243141644641,0,606292065,,,这位女士，你这是谈的是生意，不是谈感情啊。,2,0
1728,243260879904,243119486673,409294041,209459495.0,弱者才总想要保障吧，我老公婚前的房子我也觉得跟我没关系，但我想的是以后我俩奋斗奋斗可以买套更大的，这套房子可以让公婆去住，毕竟他俩掏的钱，用心装修的，环境也不错。彩礼给多少我自己也不在意，我自己婚前存款挺多的，彩礼差不多就行。彩礼嫁妆以后有需要肯定会拿出来，我的那些存款，以后基本上肯定也会给孩子。所以我从来没想过要我老公给啥保障，但他倒是主动上交工资卡，不过他收入比我少一些，不过真心过日子倒也无所谓了，他也不用我贴补他。,是不是嫁妆和彩礼差不多？,0,0
687,243260369217,243259647409,105242356,441979182.0,我妹偷偷告诉我  其实女人要找各方面比自己好的  然后最重要的一点来了  听女人的话  那时我就开悟了,就是想捞好处嘛，,2,0
958,243324390896,243272987232,246974107,286375576.0,28就老女人会不会不太合适，现在24左右毕业，工作两年以后准备开始谈婚论嫁的话都26了。,是不是老女人和你读书多长没关系，你就是博士毕业30岁，也不影响女的老，是不是老女人是从生理角度看，不是从学历看，女人提要求的时候也不看男的24左右才毕业啊,0,0
190,243149231937,243258617472,24629484,610933.0,两边要价差不多,问题陪嫁不一样啊  福建这最差也是返大头啊  更有的是加倍或者超级加倍返还的[doge],0,0
976,243962095872,0,6552747,,,女三千=男三万，等式秒了,2,1
700,243125332689,243254936640,1784812593,246974107.0,说实话这男的年薪50个，每月都可以换女大学生，还颜值，有大把颜值比她高的，一个月4万收入什么年轻漂亮的找不到，更别说家里还这么有实力,青菜萝卜各有所爱，你觉得辣鸡游戏也有人库库充几十万,0,0
1501,243338990640,0,452024535,,,她还是愿意听自己小姐妹的[嗑瓜子],0,0
1707,243544746304,0,1616773532,,,要高额彩礼的女人都是S壁。结了婚，夫妻就有共同财产，离婚就分一半，不比区区彩礼多？他能拿得出彩礼，难度这彩礼是他这个人一辈子的钱？以后不产出？要是生了孩子，孩子马上就被法律赋予老公遗产的一份，自己拿遗产一半，孩子拿另外的一部分。要是他父母都先死，他家的所有，不都是你和你孩子的吗?(他先死的情况),2,0
511,244571693313,243320363536,3554055,2565816.0,"我29的时候还有人把我当大学生，现在33已经开始显年龄了。
我还是男的，不怎么显老。我很多以前的美女同学，现在朋友圈都已经显年龄了。
很多时候，衰老就是一晚上的事情。
可能头天晚上还是美美哒，睡一觉起来脸上就有皱纹了。","肉毒破坏面具肌肉，影响面部表情，
热玛吉短期有效，但细胞有分裂上限，过了甜点期会快速衰老
水光针也许有点用，但隔三差五要去扎针",0,0
1083,243244232608,243113125745,889628,10748073.0,3.8W 5.8W 8.8W 5W以上都少了.别说8.8W 就谈个意头.但凡多一点就想视频那样 &#34;卖女&#34;,3W8+一个煮熟的福建人[脱单doge],0,0
475,243136305345,243123910305,204985773,14641689.0,广州 8.8 顶天咯，嫌少？那你回江西找冤大头吧[三星堆],8.8那都算卖女儿了，广府地区谁家女儿收彩礼8万8得给村里面笑死[辣眼睛],0,0
1586,243525762881,0,4593584,,,伏弟魔,0,0
857,243247710785,243220910897,105242356,3493110774500290.0,听听就好，年薪百万都找刚毕业的,我也怀疑年薪百万到底是什么层次的人?我是真的没见过那么高的收入，就算在广州收租的亲戚也没那么多收入，,0,0
748,243266422336,243246840864,700548105,456804032.0,？彩礼是给她自己存的，又不是给父母，关弟弟什么事啊,你也信,0,0
253,244645814353,243841769008,30784263,3546616392845830.0,上交：上海交通大学,[喜极而泣][喜极而泣],0,0
22,243404847600,243242589569,404988634,242660751.0,底线这次被男朋友打破了，就会次次被打破，甚至连反驳的勇气也会没有了，希望这位女士坚守住底线吧，你是为自己而活的！,把要钱说成底线，你怎么不去抢银行？,2,0
1338,243679853809,0,91036865,,,［曹氏盖饭］江西［那就不奇怪了］,0,0
460,243405120608,243244593680,16360609,3688939.0,我就是遇到了这种。啥新房 装修 车子 车位 婚庆相关支出都是男方付了。女方基本没啥付出。嫌弃我家当时只剩8万的彩礼。女方父母举例朋友家女儿结婚要收18w 28万彩礼，意思是自己家应该也要有。后面因为其他事件领证3个月还没办婚礼分了，没发生关系。闹到法院调解的时候，开口就是要10万块的离婚补偿。其实这10万 20万对于我家也就3个月能赚回来。真想不通女方为了这点钱翻脸。拿后半辈子的生活无忧换这10万块。,性别别卡那么死  男男绝对不会有这种问题 [doge_金箍],0,0
1185,244533340049,0,7230985,,,分手，你适合单身，不要耽误他[OK],2,0
277,243259643808,243240606368,388273011,47146145.0,姐妹！别听UP主的！别说工资卡了，如果男朋友真的爱你，你要天上的月亮都要给你！[doge],格局小了不是！只是给她？难道她的弟弟不需要吗？还有她的父母不需要吗？就这么说，女方家里的土狗啃骨头硌掉牙了，男方都有责任给镶个金的！[doge_金箍],2,1
956,243272987232,243256170336,286375576,246974107.0,这男的50万年薪找颜值高的很正常啊？他有这个实力，人家广州全款300万房子，什么实力？人家男的有实力找个更年轻更漂亮懂事的，一个28岁的老女人能有多高颜值？能比的过那些18岁的女大学生嫩？他这个收入，每个月换一个都错错有余,28就老女人会不会不太合适，现在24左右毕业，工作两年以后准备开始谈婚论嫁的话都26了。,0,0
1216,243939229328,0,108204021,,,感觉都是真心喜欢，眼里全是利益,0,0
386,243254622640,243253779664,3688939,388190832.0,那姑娘估计挺漂亮的，追求的人多，一直受男生捧着，脾气自然大，觉得都是应该的。分了也好，这样不情不愿的过不好日子，分了算自己的福气，以后找个真心实意两厢情愿的不好么。,6-7分那种吧。她工作之前的那几个 她妈说都是因为态度原因。原生家庭的影响太大，她把父母对她的伤害同样放到其他亲近的人上了。再加上她家人给她出的坏主意洗脑。她不主动做恶，但是应对问题错的离谱，言论也离谱。不改变的话，任何人和她结婚不会有好结果。,0,0
806,243372079281,243254942945,487082970,27924267.0,少去插手他人因果，每个人的报应都是自找的，你说了这么多又有多少人看得进去？又有多少人想得明白？像up这样把活生生的现实拿出来就不错了，想得明白的算是她自己缘分已到，想不明白的那是她自己的业障未除，念不到位说什么都白搭。,非常赞同你的说法，有些事情是劝不回来的，明白人一开始就明白,0,0
1439,243247469681,243353717856,105242356,345719423.0,知道闺蜜因为把彩礼交给了父母，导致婚后一家人日子艰辛，认为是因为闺蜜老公没本事，自己要找个有钱的，这种算什么类型的。,看不清自己的人。,0,0
1517,243248386784,0,16477043,,,吃着碗里的 看着锅里的,0,0
344,243249615632,243110861553,12908806,17546851.0,[tv_发怒]江西女由我们江西男守护,还得是江西boy的经典力学才能守护的了[打call],2,1
770,243218386145,243215677393,372818179,49598783.0,想多了，到时候  反咬你一口 说你不懂礼数  嫁给你不是卖给你了，巴拉巴拉 能数落你一辈子,那就离，离了找下一个,0,0
1333,244860683040,0,372362642,,,希望谈崩，祝福🙏！！！这位姐妹一定要坚持立场，再多考虑弟弟一下，现在经济那么差，弟弟肯定不容易的。,2,1
1687,243204699217,0,11296886,,,分啊。要不来钱可以去问别人要，总能找到天狗给你上贡钱的[妙啊],2,0
131,243155731633,243246317824,1048035384,412646149.0,江西的女孩有我们守护[妙啊],好兄弟[委屈],0,0
1689,243165505217,0,20894792,,,这种账都算不清，还管钱？笑死,0,0
872,243337635472,0,12840120,,,[doge]我其实到现在都想不通，男方有车有房，为什么还要给女方彩礼。其次，为什么觉得给的少面子挂不住，难道女方家长不能在亲戚面前撒谎一下，随便报个有面子的数字吗？难道亲戚非得看转账记录才会信吗,0,0
1124,243549966256,0,9483714,,,她妈倒说卖的贱了 叫后弟儿孙无钱享用,0,0
1397,244212962881,0,256168,,,江西的女孩有我们江西自己守护[胆大党_微笑],0,0
88,244643998736,243124150865,434403745,183939472.0,姐妹，这种男人一定不能交往，我有个同学的姐姐37岁，身高150体重160，终于在去年找到了属于自己的真爱，市属国企分公司总经理，28岁，身高180，颜值8分，年收入50万，现在结婚了，彩礼给了66.8万，工资到手就上交，家务还全包,你说他娶了个铲车轮胎我都信,0,0
1484,243431097680,243394589568,259199615,4128803.0,反正工资卡是不给的，给女人不放心,确实 最好就是自己管自己的 但是也保持互相透明 管别人的或者被管都不好,0,0
331,243825713376,243172563729,2690511,435506266.0,至少上个本科就叫优秀了吗？什么时候优秀的标准这么低了？[思考][思考][思考],女性自认为本科开始就很优秀了。应该来自小红书，。,0,0
1239,244718019136,0,328029711,,,985本硕，年薪税前50万，三百万全款房子，父母体制内退休在广东算个毛啊，赶紧分开吧，我同事40岁江西女的，找了个广东老板30岁的，彩礼都一百万了，所以江西女孩值得更好。,2,1
467,243871447792,243241366496,14136328,388190832.0,"有个成语叫杀鸡取卵，童话故事里也有杀掉下金蛋的鹅，就为了一次多取两个金蛋。
听故事的时候，都觉得故事里的人蠢，实际上在现实中这种人比比皆是，短视是最大的原因，看不见长远利益，只想着一次性买卖。
那姑娘就是，结婚就是奔着离婚去的，想的就是我结这一次婚，能把自己卖多少钱，那钱一次性全装自己口袋里才舒心。
你让她长久的过日子等待收获，咦，那不行，不结结实实攥手里的就等于没有。",拿杀鸡取卵比喻这种行为没问题。问题是成语杀鸡取卵杀得是自家的鸡啊，这姑娘杀鸡取卵，杀得是别人家的鸡，取得是别人家的卵，自己一分钱损失没有，还赚的盆满钵满。,2,0
122,243264565024,243246317824,186647407,412646149.0,江西的女孩有我们守护[妙啊],老表，牛逼,0,0
1640,243495828273,0,34328059,,,这种男人一看就不靠谱，姐妹抓紧分[鼓掌],0,0
1045,243248481489,243372823904,409549791,230393628.0,老婆管钱啊？也看哪一种管吧…中午饭17块我都要临时让同事垫一下的时候，我绝望了[微笑],兄弟你这也太惨了,0,0
1726,244281119184,244057913617,40161613,31043792.0,十万？十万是不算钱，但是张口要十万真觉得唐,10万彩礼算是正常的吧,0,0
1096,244781463840,244223517537,441224014,13407859.0,要都是你这么想的就好了。我周围唯二离婚的妹子都是富婆，离婚原因一个是老公出轨，一个是老公嫖娼😂问题是这俩妹子都不丑，老公嫖娼那个妹子跟我关系特别好，她俩度蜜月还是女方掏钱请男方去的马尔代夫（据说花了12万）。我是真的看不懂，这些男的是咋想的。网上天天嫌弃女的捞，女的爱花钱，现实中遇到真富婆也不珍惜啊……,答案就是女的是有钱，但是很少给男的花，不是说一点不花，而是很少，然后男的要提供巨额的情绪价值，说白了就是男的付出与收入不匹配，所以寻求外在补偿，不信的话你可以问一问你的富婆姐妹挣多少钱又给男方花了多少，男的找漂亮妹妹总是比女的找帅气弟弟更舍得花钱，这也许就是男女之间的差别吧。,0,0
1131,243241496912,0,357029001,,,连工资卡都不给  分  你想想啊  他要是出轨你都找不到  离婚更是分不到家产,0,0
1295,243485634192,0,668749347,,,一线城市300万全款房，找谁不香，多换几个女友试试合不合适，何必吊死在江西这一颗树上[doge],2,0
861,243589192449,243335005424,7465977,385473117.0,"本人江西男生33岁，税前百万也在大厂。家庭条件和这个广东男生差不多，身高172，觉得28.8万真的不多。这个女生外在条件很好，年龄也不大，觉得完全有资格提要求。
      我现在都找不到这种年轻，外在条件也好的女生。给我介绍的都是31,32岁的，28、29的女生都接触不到~常驻深圳","要真是年薪百万，我给个建议，可以每周末去一两次夜店，散台卡座都要体验，散台的时候花一两千，卡座花三五千，给自己定个数一定要花出去，而且只能买酒或者请女的吃夜宵。至于怎么找女的，你定位置可以在陌陌探探之类的社交软件上找那些卖酒女，让她们陪你喝甚至帮你喊女的出来玩。
不是让你去夜店约炮，而是多和这些夜场女相处一下，从这些经历里形成一些相处方式，并且听听她们的生活，夜店女都是爱玩的，花点钱跟她们玩，多体验一些不同的人的生活。
喝酒的过程中会有肢体接触，不要太抵触，当然爱干净的话开房约炮直接拒绝就是。
在这过程中你可能会认识一些夜夜笙歌约炮不断的男性，观察一下他们和异性相处时的态度，不一定要学他们，但是可以结合他们的行为处事思考一下自己离开这个场合，正儿八经找对象时该怎么相处，以及怎么推进关系。
一般职场上的女性都会有一些夜场女的特质，或多或少而已(毕竟再怎么说都是女性)。每个月能在这种场合里独自并且随意的花一两万，这种经历足够让你去辨别。并且夜场女的特质中，作为对象的话，有些特质是让人舒适的，有些则是无法接受的。
经历过一年半载这样的生活，也许你对男女之间的关系会看得更加松弛，在和想认识的异性相处时也会有一些自己的破冰方式。你可以从生活中认识的正经女性中，找到那些拥有令人舒适同时又没有让人无法接受特质的人，找机会去相处。",0,0
1461,243248686497,243159951249,409549791,702320264.0,各位兄弟们不要被什么彩礼虽然多，会带回来给骗了，带回来也是在女的卡上，就算带回来1个亿，你想拿3块钱买瓶可乐，也需要向人家请示的，所以彩礼给出去，基本就跟你没啥关系了,只要女朋友义正言辞的要高价彩礼， 直接让她滚就行 了[嗑瓜子],0,0
1127,243442400688,0,46209618,,,如今的婚姻就很离谱，男人掏一半身家甚至更多，就为了满足生理需求，或者说生个孩子？孩子还大概率被女方带走，你就落个姓？如此亏本生意还在做，我只能说大部分男人还是不忘初心的[妙啊],2,0
